Instrument;last Time;Kaufpreis;last Price;TakeProfit;StopLoss;macd;macdTrigger;parabolicSAR;ema
GBP_USD;2022-06-03T14:00;1999,522644;1,256000;1,261000;1,253000;-0,000506;-0,000620;1,253643;1,255945
TRY_JPY;2022-06-03T14:00;-1999,522644;7,800000;7,769000;7,816000;-0,002635;0,001686;7,835117;7,874297
GBP_NZD;2022-06-03T14:00;1999,522644;1,923000;1,931000;1,919000;0,000944;0,000943;1,920821;1,922967
TRY_JPY;2022-06-03T14:00;-1999,522644;7,800000;7,769000;7,816000;-0,002635;0,001686;7,835117;7,874297
USD_ZAR;2022-06-03T14:00;-1999,522644;15,500000;15,438000;15,532000;0,016164;0,016422;15,557700;15,506464
GBP_SGD;2022-06-03T14:00;1999,522644;1,726000;1,733000;1,722000;0,000051;0,000036;1,723187;1,723831
TRY_JPY;2022-06-03T14:00;-1999,522644;7,800000;7,769000;7,816000;-0,002635;0,001686;7,835117;7,874297
TRY_JPY;2022-06-03T14:00;-1999,522644;7,800000;7,769000;7,816000;-0,002635;0,001686;7,835117;7,874297
TRY_JPY;2022-06-03T14:00;-1999,522644;7,800000;7,769000;7,816000;-0,002635;0,001686;7,835117;7,874297
TRY_JPY;2022-06-03T14:00;-1999,522644;7,800000;7,769000;7,816000;-0,002635;0,001686;7,835117;7,874297
TRY_JPY;2022-06-03T14:00;-1999,522644;7,800000;7,769000;7,816000;-0,002635;0,001686;7,835117;7,874297
TRY_JPY;2022-06-03T14:00;-1999,522644;7,800000;7,769000;7,816000;-0,002635;0,001686;7,835117;7,874297
SGD_CHF;2022-06-03T14:15;-1999,522644;0,699000;0,696000;0,701000;0,000287;0,000311;0,700341;0,699044
USD_CNH;2022-06-03T14:15;-1999,522644;6,644000;6,617000;6,658000;0,003124;0,003272;6,651432;6,660817
EUR_DKK;2022-06-03T14:15;1999,522644;7,439000;7,469000;7,424000;-0,000020;-0,000023;7,438836;7,438937
TRY_JPY;2022-06-03T14:15;-1999,522644;7,800000;7,769000;7,816000;-0,001913;0,002291;7,840788;7,874543
TRY_JPY;2022-06-03T14:15;-1999,522644;7,800000;7,769000;7,816000;-0,001913;0,002291;7,840788;7,874543
TRY_JPY;2022-06-03T14:15;-1999,522644;7,800000;7,769000;7,816000;-0,001913;0,002291;7,840788;7,874543
TRY_JPY;2022-06-03T14:15;-1999,522644;7,800000;7,769000;7,816000;-0,001913;0,002291;7,840788;7,874543
TRY_JPY;2022-06-03T14:15;-1999,522644;7,800000;7,769000;7,816000;-0,001913;0,002291;7,840788;7,874543
TRY_JPY;2022-06-03T14:15;-1999,522644;7,800000;7,769000;7,816000;-0,001913;0,002291;7,840788;7,874543
GBP_ZAR;2022-06-03T14:15;-1999,522644;19,457000;19,379000;19,496000;0,011047;0,011094;19,510530;19,475722
TRY_JPY;2022-06-03T14:15;-1999,522644;7,800000;7,769000;7,816000;-0,001913;0,002291;7,840788;7,874543
TRY_JPY;2022-06-03T14:15;-1999,522644;7,800000;7,769000;7,816000;-0,001913;0,002291;7,840788;7,874543
TRY_JPY;2022-06-03T14:15;-1999,522644;7,800000;7,769000;7,816000;-0,001913;0,002291;7,840788;7,874543
TRY_JPY;2022-06-03T14:15;-1999,522644;7,800000;7,769000;7,816000;-0,001913;0,002291;7,840788;7,874543
TRY_JPY;2022-06-03T14:15;-1999,522644;7,800000;7,769000;7,816000;-0,001913;0,002291;7,840788;7,874543
TRY_JPY;2022-06-03T14:15;-1999,522644;7,800000;7,769000;7,816000;-0,001913;0,002291;7,840788;7,874543
TRY_JPY;2022-06-03T14:15;-1999,522644;7,800000;7,769000;7,816000;-0,001913;0,002291;7,840788;7,874543
CHF_ZAR;2022-06-03T14:15;-1999,522644;16,114000;16,050000;16,147000;0,001543;0,002151;16,115280;16,160383
TRY_JPY;2022-06-03T14:15;-1999,522644;7,800000;7,769000;7,816000;-0,001913;0,002291;7,840788;7,874543
TRY_JPY;2022-06-03T14:15;-1999,522644;7,800000;7,769000;7,816000;-0,001913;0,002291;7,840788;7,874543
TRY_JPY;2022-06-03T14:15;-1999,522644;7,800000;7,769000;7,816000;-0,001913;0,002291;7,840788;7,874543
TRY_JPY;2022-06-03T14:15;-1999,522644;7,800000;7,769000;7,816000;-0,001913;0,002291;7,840788;7,874543
TRY_JPY;2022-06-03T14:15;-1999,522644;7,800000;7,769000;7,816000;-0,001913;0,002291;7,840788;7,874543
TRY_JPY;2022-06-03T14:15;-1999,522644;7,800000;7,769000;7,816000;-0,001913;0,002291;7,840788;7,874543
TRY_JPY;2022-06-03T14:15;-1999,522644;7,800000;7,769000;7,816000;-0,001913;0,002291;7,840788;7,874543
TRY_JPY;2022-06-03T14:15;-1999,522644;7,800000;7,769000;7,816000;-0,001913;0,002291;7,840788;7,874543
TRY_JPY;2022-06-03T14:15;-1999,522644;7,800000;7,769000;7,816000;-0,001913;0,002291;7,840788;7,874543
TRY_JPY;2022-06-03T14:15;-1999,522644;7,800000;7,769000;7,816000;-0,001913;0,002291;7,840788;7,874543
TRY_JPY;2022-06-03T14:15;-1999,522644;7,800000;7,769000;7,816000;-0,001913;0,002291;7,840788;7,874543
TRY_JPY;2022-06-03T14:15;-1999,522644;7,800000;7,769000;7,816000;-0,001913;0,002291;7,840788;7,874543
GBP_AUD;2022-06-03T14:30;-1999,522644;1,734000;1,727000;1,738000;0,000431;0,000435;1,736224;1,737861
TRY_JPY;2022-06-03T14:30;-1999,522644;7,800000;7,769000;7,816000;-0,002032;0,002927;7,846005;7,874688
USD_HKD;2022-06-03T14:30;-1999,522644;7,844000;7,813000;7,860000;0,000019;0,000019;7,844984;7,845424
NZD_USD;2022-06-03T14:30;-1999,522644;0,651000;0,648000;0,653000;-0,000736;-0,000696;0,651579;0,653067
EUR_CAD;2022-06-03T14:30;-1999,522644;1,347000;1,342000;1,350000;-0,000830;-0,000817;1,347508;1,351774
TRY_JPY;2022-06-03T14:30;-1999,522644;7,800000;7,769000;7,816000;-0,002032;0,002927;7,846005;7,874688
TRY_JPY;2022-06-03T14:30;-1999,522644;7,800000;7,769000;7,816000;-0,002032;0,002927;7,846005;7,874688
TRY_JPY;2022-06-03T14:30;-1999,522644;7,800000;7,769000;7,816000;-0,002032;0,002927;7,846005;7,874688
EUR_CZK;2022-06-03T14:30;-1999,522644;24,683000;24,584000;24,733000;-0,000053;0,000711;24,683694;24,701468
TRY_JPY;2022-06-03T14:30;-1999,522644;7,800000;7,769000;7,816000;-0,002032;0,002927;7,846005;7,874688
TRY_JPY;2022-06-03T14:30;-1999,522644;7,800000;7,769000;7,816000;-0,002032;0,002927;7,846005;7,874688
TRY_JPY;2022-06-03T14:30;-1999,522644;7,800000;7,769000;7,816000;-0,002032;0,002927;7,846005;7,874688
TRY_JPY;2022-06-03T14:30;-1999,522644;7,800000;7,769000;7,816000;-0,002032;0,002927;7,846005;7,874688
TRY_JPY;2022-06-03T14:30;-1999,522644;7,800000;7,769000;7,816000;-0,002032;0,002927;7,846005;7,874688
TRY_JPY;2022-06-03T14:30;-1999,522644;7,800000;7,769000;7,816000;-0,002032;0,002927;7,846005;7,874688
TRY_JPY;2022-06-03T14:30;-1999,522644;7,800000;7,769000;7,816000;-0,002032;0,002927;7,846005;7,874688
TRY_JPY;2022-06-03T14:30;-1999,522644;7,800000;7,769000;7,816000;-0,002032;0,002927;7,846005;7,874688
TRY_JPY;2022-06-03T14:30;-1999,522644;7,800000;7,769000;7,816000;-0,002032;0,002927;7,846005;7,874688
TRY_JPY;2022-06-03T14:30;-1999,522644;7,800000;7,769000;7,816000;-0,002032;0,002927;7,846005;7,874688
TRY_JPY;2022-06-03T14:30;-1999,522644;7,800000;7,769000;7,816000;-0,002032;0,002927;7,846005;7,874688
TRY_JPY;2022-06-03T14:30;-1999,522644;7,800000;7,769000;7,816000;-0,002032;0,002927;7,846005;7,874688
TRY_JPY;2022-06-03T14:30;-1999,522644;7,800000;7,769000;7,816000;-0,002032;0,002927;7,846005;7,874688
TRY_JPY;2022-06-03T14:30;-1999,522644;7,800000;7,769000;7,816000;-0,002032;0,002927;7,846005;7,874688
TRY_JPY;2022-06-03T14:30;-1999,522644;7,800000;7,769000;7,816000;-0,002032;0,002927;7,846005;7,874688
EUR_ZAR;2022-06-03T14:30;-1999,522644;16,631000;16,564000;16,665000;0,008511;0,008912;16,677082;16,631062
TRY_JPY;2022-06-03T14:30;-1999,522644;7,800000;7,769000;7,816000;-0,002032;0,002927;7,846005;7,874688
TRY_JPY;2022-06-03T14:30;-1999,522644;7,800000;7,769000;7,816000;-0,002032;0,002927;7,846005;7,874688
TRY_JPY;2022-06-03T14:30;-1999,522644;7,800000;7,769000;7,816000;-0,002032;0,002927;7,846005;7,874688
CHF_HKD;2022-06-03T14:45;-1999,522644;8,149000;8,116000;8,166000;-0,008230;-0,008189;8,168398;8,175748
GBP_HKD;2022-06-03T14:45;-1999,522644;9,836000;9,797000;9,856000;-0,005613;-0,005544;9,857039;9,853229
TRY_JPY;2022-06-03T14:45;-1999,522644;7,800000;7,769000;7,816000;-0,001568;0,003539;7,850805;7,874930
TRY_JPY;2022-06-03T14:45;-1999,522644;7,800000;7,769000;7,816000;-0,001568;0,003539;7,850805;7,874930
AUD_CHF;2022-06-03T14:45;1999,522644;0,696000;0,699000;0,694000;0,000144;0,000124;0,694560;0,693441
NZD_HKD;2022-06-03T14:45;-1999,362972;5,111000;5,091000;5,122000;-0,005438;-0,005382;5,129060;5,123892
USD_INR;2022-06-03T15:00;1999,362972;77,600000;77,910000;77,444000;0,020396;0,020199;77,544378;77,490509
EUR_USD;2022-06-03T15:00;-1999,362972;1,071000;1,067000;1,074000;-0,000624;-0,000576;1,074814;1,072468
USD_DKK;2022-06-03T15:00;1999,357574;6,941000;6,969000;6,927000;0,003668;0,003655;6,919254;6,935817
AUD_CAD;2022-06-03T15:00;-1999,357574;0,908000;0,904000;0,910000;-0,000819;-0,000815;0,908124;0,910782
EUR_HKD;2022-06-03T15:15;-1999,357574;8,410000;8,376000;8,427000;-0,004258;-0,004198;8,429278;8,414333
USD_SEK;2022-06-03T15:30;1999,357574;9,765000;9,804000;9,745000;0,011654;0,011521;9,739736;9,750272
SGD_CHF;2022-06-03T15:30;1999,224418;0,699000;0,702000;0,697000;0,000296;0,000361;0,699222;0,699085
USD_SEK;2022-06-03T15:30;-1999,224418;9,765000;9,726000;9,785000;0,011654;0,011521;9,739736;9,750272
AUD_CAD;2022-06-03T15:30;1999,224418;0,907000;0,911000;0,905000;-0,000899;-0,000835;0,909575;0,910723
CAD_JPY;2022-06-03T15:30;-1999,224418;104,000000;103,584000;104,209000;0,127589;0,127037;103,757000;102,999453
USD_SEK;2022-06-03T15:30;1999,206380;9,764000;9,803000;9,744000;0,011574;0,011512;9,739736;9,750262
SGD_CHF;2022-06-03T15:30;-1999,206380;0,699000;0,696000;0,701000;0,000296;0,000361;0,699222;0,699085
AUD_CAD;2022-06-03T15:30;-1999,206380;0,907000;0,903000;0,909000;-0,000899;-0,000835;0,909575;0,910723
CAD_JPY;2022-06-03T15:30;1999,206380;104,000000;104,416000;103,791000;0,127589;0,127037;103,757000;102,999453
USD_PLN;2022-06-03T15:30;1999,206380;4,286000;4,303000;4,277000;0,003107;0,003081;4,272544;4,274950
USD_ZAR;2022-06-03T15:30;1999,206380;15,539000;15,601000;15,507000;0,015538;0,015513;15,483100;15,507167
NZD_CAD;2022-06-03T15:45;-1999,206380;0,818000;0,815000;0,820000;-0,000926;-0,000870;0,820517;0,822960
USD_CZK;2022-06-03T15:45;1999,206380;23,035000;23,127000;22,988000;0,010048;0,009717;22,988580;23,031120
USD_NOK;2022-06-03T15:45;1999,206380;9,449000;9,487000;9,430000;0,010792;0,010669;9,428581;9,414392
EUR_ZAR;2022-06-03T15:45;1999,206380;16,663000;16,730000;16,629000;0,008169;0,008117;16,606986;16,631672
EUR_SEK;2022-06-03T16:00;1999,206380;10,476000;10,518000;10,455000;0,007314;0,007011;10,461973;10,457814
EUR_CAD;2022-06-03T16:00;-1999,206380;1,347000;1,342000;1,350000;-0,000654;-0,000646;1,349529;1,351577
USD_TRY;2022-06-03T16:00;-1999,206380;16,657000;16,590000;16,691000;0,014205;0,006936;16,538750;16,473783
EUR_TRY;2022-06-03T16:00;-1999,206380;17,843000;17,772000;17,879000;0,003045;-0,001811;17,659120;17,667839
TRY_JPY;2022-06-03T16:00;1999,206380;7,800000;7,831000;7,784000;0,001201;0,006781;7,946000;7,876686
USD_TRY;2022-06-03T16:00;1999,206380;16,657000;16,724000;16,623000;0,014205;0,006936;16,538750;16,473783
EUR_TRY;2022-06-03T16:00;1999,206380;17,843000;17,914000;17,807000;0,003045;-0,001811;17,659120;17,667839
TRY_JPY;2022-06-03T16:00;-1999,206380;7,800000;7,769000;7,816000;0,001201;0,006781;7,946000;7,876686
USD_TRY;2022-06-03T16:00;-1999,206380;16,657000;16,590000;16,691000;0,014205;0,006936;16,538750;16,473783
USD_TRY;2022-06-03T16:00;1999,206380;16,657000;16,724000;16,623000;0,014205;0,006936;16,538750;16,473783
EUR_TRY;2022-06-03T16:00;-1999,206380;17,843000;17,772000;17,879000;0,003045;-0,001811;17,659120;17,667839
EUR_TRY;2022-06-03T16:00;1999,206380;17,843000;17,914000;17,807000;0,003045;-0,001811;17,659120;17,667839
TRY_JPY;2022-06-03T16:00;1999,206380;7,800000;7,831000;7,784000;0,001201;0,006781;7,946000;7,876686
TRY_JPY;2022-06-03T16:00;-1999,206380;7,800000;7,769000;7,816000;0,001201;0,006781;7,946000;7,876686
USD_TRY;2022-06-03T16:00;1999,206380;16,657000;16,724000;16,623000;0,014205;0,006936;16,538750;16,473783
EUR_TRY;2022-06-03T16:00;1999,206380;17,843000;17,914000;17,807000;0,003045;-0,001811;17,659120;17,667839
USD_TRY;2022-06-03T16:00;-1999,206380;16,657000;16,590000;16,691000;0,014205;0,006936;16,538750;16,473783
TRY_JPY;2022-06-03T16:00;-1999,206380;7,800000;7,769000;7,816000;0,001201;0,006781;7,946000;7,876686
EUR_TRY;2022-06-03T16:00;-1999,206380;17,843000;17,772000;17,879000;0,003045;-0,001811;17,659120;17,667839
TRY_JPY;2022-06-03T16:00;1999,206380;7,800000;7,831000;7,784000;0,001201;0,006781;7,946000;7,876686
USD_TRY;2022-06-03T16:00;1999,206380;16,657000;16,724000;16,623000;0,014205;0,006936;16,538750;16,473783
EUR_TRY;2022-06-03T16:00;1999,206380;17,843000;17,914000;17,807000;0,003045;-0,001811;17,659120;17,667839
USD_TRY;2022-06-03T16:00;-1999,206380;16,657000;16,590000;16,691000;0,014205;0,006936;16,538750;16,473783
EUR_TRY;2022-06-03T16:00;-1999,206380;17,843000;17,772000;17,879000;0,003045;-0,001811;17,659120;17,667839
USD_TRY;2022-06-03T16:00;1999,206380;16,657000;16,724000;16,623000;0,014205;0,006936;16,538750;16,473783
EUR_TRY;2022-06-03T16:00;1999,206380;17,843000;17,914000;17,807000;0,003045;-0,001811;17,659120;17,667839
USD_TRY;2022-06-03T16:00;-1999,206380;16,657000;16,590000;16,691000;0,014205;0,006936;16,538750;16,473783
EUR_TRY;2022-06-03T16:00;-1999,206380;17,843000;17,772000;17,879000;0,003045;-0,001811;17,659120;17,667839
NZD_JPY;2022-06-03T16:15;1999,206380;85,200000;85,541000;85,029000;0,016799;0,015912;85,080592;84,784461
USD_CNH;2022-06-03T16:45;1999,171006;6,650000;6,677000;6,636000;0,003761;0,003830;6,659100;6,659929
USD_CAD;2022-06-03T17:00;1999,161780;1,257000;1,262000;1,254000;0,000239;0,000266;1,259260;1,260133
USD_MXN;2022-06-03T17:00;1999,161780;19,568000;19,646000;19,528000;0,008154;0,008276;19,609730;19,587751
USD_HKD;2022-06-03T17:00;-1999,161780;7,845000;7,814000;7,861000;0,000298;0,000342;7,846308;7,845445
AUD_USD;2022-06-03T17:15;1999,161780;0,720000;0,723000;0,718000;-0,000944;-0,000899;0,722060;0,722509
AUD_SGD;2022-06-03T17:30;1999,161780;0,992000;0,996000;0,990000;-0,000712;-0,000718;0,991865;0,991951
GBP_USD;2022-06-03T17:30;1999,161780;1,249000;1,254000;1,246000;-0,001531;-0,001527;1,251499;1,255300
EUR_NOK;2022-06-03T18:15;1999,161780;10,131000;10,172000;10,110000;0,003977;0,003675;10,114387;10,099750
AUD_HKD;2022-06-03T18:15;-1999,161780;5,651000;5,628000;5,663000;-0,006859;-0,006788;5,660658;5,668201
AUD_HKD;2022-06-03T18:15;1999,161780;5,651000;5,674000;5,639000;-0,006859;-0,006788;5,660658;5,668201
EUR_USD;2022-06-03T18:15;1999,161350;1,071000;1,075000;1,068000;-0,000503;-0,000491;1,072602;1,072404
AUD_HKD;2022-06-03T18:15;1999,161350;5,651000;5,674000;5,639000;-0,006859;-0,006788;5,660658;5,668201
GBP_AUD;2022-06-03T18:15;1999,161350;1,733000;1,740000;1,729000;-0,000004;0,000055;1,733068;1,737276
AUD_NZD;2022-06-03T18:30;-1999,161350;1,108000;1,104000;1,111000;-0,000066;-0,000068;1,107394;1,106666
GBP_SGD;2022-06-03T18:45;-1999,161350;1,719000;1,712000;1,723000;-0,001229;-0,001224;1,720509;1,723256
EUR_SGD;2022-06-03T18:45;1999,161350;1,475000;1,481000;1,472000;0,000049;0,000048;1,473540;1,472492
CHF_ZAR;2022-06-03T18:45;1999,161350;16,139000;16,204000;16,106000;0,005189;0,005376;16,159590;16,157432
AUD_CHF;2022-06-03T19:00;1999,161350;0,694000;0,697000;0,692000;-0,000304;-0,000305;0,693632;0,693571
EUR_DKK;2022-06-03T19:15;1999,161350;7,438000;7,468000;7,423000;-0,000159;-0,000125;7,438400;7,438883
NZD_CHF;2022-06-03T19:30;1999,161350;0,626000;0,629000;0,624000;-0,000266;-0,000244;0,626669;0,626675
CAD_HKD;2022-06-03T19:30;1999,161350;6,232000;6,257000;6,219000;-0,002128;-0,002248;6,229134;6,226265
EUR_HUF;2022-06-03T20:45;-999,519036;391,800000;391,016000;392,192000;-0,370807;-0,444216;392,449902;394,376315
USD_MXN;2022-06-03T20:45;-999,519036;19,553000;19,513890;19,572550;-0,002045;0,001845;19,566674;19,584778
CAD_CHF;2022-06-03T20:45;-999,519036;0,764000;0,762470;0,764760;-0,000075;0,000045;0,764220;0,762062
EUR_GBP;2022-06-03T20:45;-999,519036;0,858000;0,856280;0,858860;0,000513;0,000546;0,857947;0,854728
GBP_CHF;2022-06-03T20:45;-999,519036;1,202000;1,199600;1,203200;-0,000677;-0,000617;1,203104;1,204701
EUR_HUF;2022-06-03T20:58;-999,519036;391,800000;391,016000;392,192000;-0,003955;-0,012286;391,784961;392,003725
USD_MXN;2022-06-03T20:58;-999,519036;19,553000;19,513890;19,572550;-0,000799;-0,001612;19,553375;19,563395
CAD_CHF;2022-06-03T20:58;-1999,038072;0,764000;0,762470;0,764760;-0,000004;0,000006;0,765068;0,764585
EUR_GBP;2022-06-03T20:58;-999,519036;0,858000;0,856280;0,858860;0,000037;0,000079;0,858214;0,857736
GBP_CHF;2022-06-03T20:58;-999,519036;1,202000;1,199600;1,203200;-0,000061;-0,000067;1,202533;1,202999
USD_THB;2022-06-03T20:58;-999,519036;34,300000;34,231000;34,335000;-0,005718;0,000070;34,372000;34,356833
USD_ZAR;2022-06-03T20:58;-999,519036;15,537000;15,505930;15,552540;-0,000882;0,000617;15,546390;15,543726
EUR_NOK;2022-06-03T20:58;-999,519036;10,114000;10,093770;10,124110;-0,000379;-0,000164;10,113417;10,119534
GBP_PLN;2022-06-03T20:58;-999,519036;5,344000;5,333310;5,349340;0,000288;-0,000371;5,343580;5,348390
EUR_HKD;2022-06-03T20:58;-999,519036;8,408000;8,391180;8,416410;-0,000075;0,000097;8,406706;8,409572
CHF_JPY;2022-06-03T20:58;-1999,038072;135,800000;135,528000;135,936000;-0,014008;-0,010374;135,848390;135,902409
GBP_HKD;2022-06-03T20:58;999,519036;9,796000;9,815590;9,786200;-0,000823;-0,000869;9,794283;9,803792
EUR_NZD;2022-06-03T20:58;-999,519036;1,647000;1,643710;1,648650;0,000162;0,000191;1,647164;1,646806
EUR_JPY;2022-06-03T20:58;-999,519036;140,200000;139,919000;140,341000;-0,007461;-0,005236;140,179664;140,248516
USD_CHF;2022-06-03T20:58;-1999,038072;0,962000;0,960080;0,962960;-0,000015;0,000033;0,962980;0,962584
USD_TRY;2022-06-03T20:58;-999,519036;16,449000;16,416100;16,465450;0,000859;0,001431;16,422620;16,450328
GBP_JPY;2022-06-03T20:58;-1999,038072;163,300000;162,973000;163,464000;-0,022422;-0,022041;163,331626;163,502266
EUR_CZK;2022-06-03T20:58;-999,519036;24,659000;24,609680;24,683660;-0,001522;-0,001462;24,659668;24,670110
EUR_TRY;2022-06-03T20:58;-999,519036;17,633000;17,597730;17,650630;-0,000320;-0,001924;17,605734;17,627966
USD_JPY;2022-06-03T20:58;-999,519036;130,800000;130,538000;130,931000;-0,004750;-0,005498;130,812571;130,829578
EUR_HUF;2022-06-06T16:44;-999,512806;387,900000;387,124000;388,288000;0,000588;0,006603;388,014624;387,815964
USD_MXN;2022-06-06T16:44;-999,512806;19,591000;19,551820;19,610590;-0,002694;-0,001014;19,593934;19,562495
GBP_USD;2022-06-06T16:53;-999,512806;1,253000;1,250490;1,254250;-0,000005;-0,000008;1,253682;1,253953
USD_MXN;2022-06-06T18:57;-999,504794;19,612200;19,572980;19,631810;0,001321;0,001309;19,616248;19,591102
GBP_USD;2022-06-06T18:57;999,504794;1,253400;1,255910;1,252150;-0,000063;-0,000072;1,253179;1,253782
CAD_CHF;2022-06-06T18:57;-999,504794;0,772300;0,770760;0,773070;0,000039;-0,000009;0,771932;0,771418
EUR_GBP;2022-06-06T18:57;-999,504794;0,852800;0,851090;0,853650;-0,000037;-0,000021;0,852973;0,853126
GBP_CHF;2022-06-06T18:57;-999,504794;1,217400;1,214970;1,218620;0,000036;0,000005;1,217073;1,215869
USD_THB;2022-06-06T18:40;-999,504794;34,420000;34,351000;34,455000;0,004955;0,003499;34,413315;34,369146
USD_ZAR;2022-06-06T18:57;-999,504794;15,444200;15,413310;15,459640;0,000949;0,000099;15,453489;15,428768
EUR_NOK;2022-06-06T18:57;-999,504794;10,083900;10,063730;10,093980;0,001752;0,001358;10,083907;10,074571
GBP_PLN;2022-06-06T18:57;-999,504794;5,379500;5,368740;5,384880;-0,000032;-0,000125;5,378827;5,377514
EUR_HKD;2022-06-06T18:57;-999,504794;8,385000;8,368230;8,393380;-0,000909;-0,000828;8,386220;8,391810
CHF_JPY;2022-06-06T18:57;-999,504794;135,860000;135,588000;135,996000;0,010493;0,018120;135,885000;135,809167
USD_SEK;2022-06-06T18:57;-999,504794;9,799300;9,779700;9,809100;0,002407;0,002012;9,804570;9,784758
GBP_SGD;2022-06-06T18:57;1999,009588;1,725600;1,729050;1,723870;0,000001;-0,000010;1,725291;1,725253
GBP_HKD;2022-06-06T18:57;999,504794;9,832100;9,851760;9,822270;-0,000692;-0,000757;9,829989;9,836062
EUR_NZD;2022-06-06T18:57;-999,504794;1,647700;1,644400;1,649350;0,000054;0,000092;1,648330;1,646829
SGD_CHF;2022-06-06T18:57;-999,504794;0,705500;0,704090;0,706210;0,000029;0,000007;0,705380;0,704712
AUD_SGD;2022-06-06T18:57;999,504794;0,989900;0,991880;0,988910;-0,000152;-0,000158;0,989458;0,990749
EUR_JPY;2022-06-06T18:57;-999,504794;141,060000;140,777000;141,202000;0,009963;0,015937;141,039600;140,884605
USD_CHF;2022-06-06T18:57;-999,504794;0,971300;0,969360;0,972270;0,000084;0,000055;0,971158;0,969718
USD_TRY;2022-06-06T18:57;-999,504794;16,572400;16,539260;16,588970;-0,000337;-0,000408;16,573332;16,576814
GBP_JPY;2022-06-06T18:57;-999,504794;165,420000;165,089000;165,586000;0,019822;0,022915;165,358160;165,131997
EUR_CZK;2022-06-06T18:57;-999,504794;24,734000;24,684530;24,758730;0,000607;0,000811;24,734800;24,729598
EUR_TRY;2022-06-06T18:57;-999,504794;17,715100;17,679670;17,732820;-0,001918;-0,001774;17,717012;17,732621
USD_JPY;2022-06-06T18:57;-999,504794;131,970000;131,706000;132,102000;0,021545;0,024952;131,941320;131,702090
GBP_ZAR;2022-06-06T18:57;-999,504794;19,358500;19,319780;19,377860;0,000248;-0,000898;19,352621;19,345025
SGD_JPY;2022-06-06T18:57;-999,504794;95,860000;95,668000;95,956000;0,011682;0,013999;95,835240;95,711111
USD_CZK;2022-06-06T18:58;-999,504794;23,138300;23,092020;23,161440;0,002712;0,002571;23,141196;23,116888
ZAR_JPY;2022-06-06T18:57;-999,504794;8,540000;8,522000;8,549000;0,001844;0,003150;8,549061;8,531702
TRY_JPY;2022-06-06T18:57;-999,504794;7,960000;7,944000;7,968000;0,003213;0,002783;7,958620;7,931234
USD_DKK;2022-06-06T18:58;-999,504794;6,959300;6,945380;6,966260;0,000629;0,000551;6,960003;6,954252
EUR_PLN;2022-06-06T18:58;-999,504794;4,587600;4,578420;4,592190;-0,000221;-0,000210;4,587932;4,587873
AUD_CAD;2022-06-06T18:58;-999,504794;0,904200;0,902390;0,905100;-0,000165;-0,000136;0,904428;0,905078
CAD_SGD;2022-06-06T18:58;-999,504794;1,094700;1,092510;1,095790;0,000045;-0,000014;1,094293;1,094613
GBP_NZD;2022-06-06T18:58;-999,504794;1,932000;1,928140;1,933930;0,000111;0,000144;1,932494;1,930268
CHF_ZAR;2022-06-06T18:58;-999,504794;15,900600;15,868800;15,916500;-0,000656;-0,000502;15,899861;15,909828
USD_CNH;2022-06-06T18:58;-999,504794;6,657000;6,643690;6,663660;0,000268;0,000265;6,658023;6,655105
NZD_USD;2022-06-06T18:58;-999,504794;0,648700;0,647400;0,649350;-0,000069;-0,000083;0,648502;0,649504
NZD_HKD;2022-06-06T18:58;-999,504794;5,089000;5,078820;5,094090;-0,000623;-0,000774;5,087113;5,095553
USD_NOK;2022-06-06T18:58;-999,504794;9,433200;9,414330;9,442630;0,002402;0,002121;9,430696;9,418015
NZD_SGD;2022-06-06T18:58;-999,504794;0,893100;0,891310;0,893990;-0,000054;-0,000071;0,892836;0,893748
CAD_JPY;2022-06-06T18:58;-999,504794;104,950000;104,740000;105,055000;0,016005;0,012215;104,873507;104,770724
AUD_CHF;2022-06-06T18:58;-999,504794;0,698400;0,697000;0,699100;-0,000076;-0,000110;0,698355;0,698227
NZD_CHF;2022-06-06T18:58;-999,504794;0,630100;0,628840;0,630730;-0,000010;-0,000040;0,629849;0,629867
USD_SGD;2022-06-06T18:58;-999,504794;1,376700;1,373950;1,378080;0,000068;0,000068;1,376614;1,375982
EUR_SEK;2022-06-06T18:58;-999,504794;10,475100;10,454150;10,485580;0,001540;0,001366;10,479889;10,467055
HKD_JPY;2022-06-06T18:58;-999,504794;16,825200;16,791000;16,843000;0,003110;0,003437;16,820964;16,789137
AUD_HKD;2022-06-06T18:58;-999,504794;5,641000;5,629720;5,646640;-0,001153;-0,001337;5,637918;5,648505
AUD_JPY;2022-06-06T18:58;1999,009588;94,910000;95,100000;94,815000;-0,002034;-0,003017;94,834742;94,829714
EUR_ZAR;2022-06-06T18:58;-999,504794;16,508800;16,475780;16,525310;-0,000677;-0,000768;16,507322;16,504598
EUR_AUD;2022-06-06T18:58;-999,504794;1,486400;1,483430;1,487890;0,000144;0,000202;1,487352;1,485620
USD_THB;2022-06-06T18:40;-999,504794;34,420000;34,351000;34,455000;0,004955;0,003499;34,413315;34,369146
USD_TRY;2022-06-06T18:59;-999,504794;16,572500;16,539360;16,589070;-0,000285;-0,000372;16,573116;16,576730
EUR_TRY;2022-06-06T18:59;-999,504794;17,716600;17,681170;17,734320;-0,001480;-0,001749;17,713440;17,732329
ZAR_JPY;2022-06-06T18:59;-999,504794;8,540000;8,522000;8,549000;0,001400;0,002630;8,547362;8,531866
TRY_JPY;2022-06-06T18:58;-999,504794;7,960000;7,944000;7,968000;0,003153;0,002958;7,959266;7,931520
GBP_NZD;2022-06-06T18:58;-999,504794;1,932000;1,928140;1,933930;0,000111;0,000144;1,932494;1,930268
NZD_USD;2022-06-06T18:58;-999,504794;0,648700;0,647400;0,649350;-0,000069;-0,000083;0,648502;0,649504
NZD_HKD;2022-06-06T18:58;-999,504794;5,089000;5,078820;5,094090;-0,000623;-0,000774;5,087113;5,095553
NZD_SGD;2022-06-06T18:58;-999,504794;0,893100;0,891310;0,893990;-0,000054;-0,000071;0,892836;0,893748
NZD_CHF;2022-06-06T18:58;-999,504794;0,630100;0,628840;0,630730;-0,000010;-0,000040;0,629849;0,629867
NZD_JPY;2022-06-06T18:58;1999,009588;85,610000;85,782000;85,524000;0,005219;0,004495;85,570704;85,545850
CHF_HKD;2022-06-06T19:00;-999,504794;8,077300;8,061150;8,085380;-0,000601;-0,000692;8,076057;8,089132
USD_CAD;2022-06-06T19:00;-999,504794;1,257400;1,254890;1,258660;-0,000027;0,000045;1,258041;1,257004
USD_INR;2022-06-06T18:55;-999,504794;77,760000;77,604000;77,838000;0,000081;-0,001120;77,748195;77,689256
EUR_CHF;2022-06-06T19:00;-999,504794;1,038200;1,036120;1,039240;0,000002;-0,000010;1,038333;1,037363
EUR_CAD;2022-06-06T19:00;-999,504794;1,344300;1,341610;1,345640;-0,000103;-0,000043;1,344658;1,344649
USD_THB;2022-06-06T18:40;-999,504794;34,420000;34,351000;34,455000;0,004955;0,003499;34,413315;34,369146
USD_TRY;2022-06-06T19:01;-999,504794;16,572400;16,539260;16,588970;-0,000254;-0,000332;16,572934;16,576645
EUR_TRY;2022-06-06T19:01;-999,504794;17,715100;17,679670;17,732820;-0,001538;-0,001707;17,713948;17,731987
ZAR_JPY;2022-06-06T19:01;-999,504022;8,540000;8,522000;8,549000;0,001070;0,001977;8,545924;8,532028
TRY_JPY;2022-06-06T19:01;-999,504022;7,960000;7,944000;7,968000;0,002971;0,003107;7,960660;7,932084
GBP_NZD;2022-06-06T18:58;-999,503219;1,932000;1,928140;1,933930;0,000111;0,000144;1,932494;1,930268
NZD_USD;2022-06-06T18:58;-999,503219;0,648700;0,647400;0,649350;-0,000069;-0,000083;0,648502;0,649504
NZD_HKD;2022-06-06T18:58;-999,501724;5,089000;5,078820;5,094090;-0,000623;-0,000774;5,087113;5,095553
NZD_SGD;2022-06-06T18:58;-999,501724;0,893100;0,891310;0,893990;-0,000054;-0,000071;0,892836;0,893748
NZD_CHF;2022-06-06T18:58;-999,501724;0,630100;0,628840;0,630730;-0,000010;-0,000040;0,629849;0,629867
NZD_JPY;2022-06-06T18:58;1999,003448;85,610000;85,782000;85,524000;0,005219;0,004495;85,570704;85,545850
USD_INR;2022-06-06T18:55;-999,501724;77,760000;77,604000;77,838000;0,000081;-0,001120;77,748195;77,689256
USD_HUF;2022-06-06T19:01;-999,501724;362,700000;361,974000;363,063000;0,029128;-0,002166;362,566009;362,548759
NZD_CAD;2022-06-06T18:58;-999,501724;0,815800;0,814170;0,816620;-0,000075;-0,000053;0,815941;0,816460
EUR_SGD;2022-06-06T19:01;-999,501724;1,471600;1,468660;1,473070;-0,000055;-0,000048;1,471867;1,471912
AUD_USD;2022-06-06T19:01;-999,501724;0,719100;0,717660;0,719820;-0,000082;-0,000131;0,718885;0,719969
EUR_USD;2022-06-06T19:01;-999,501724;1,069000;1,066860;1,070070;-0,000068;-0,000082;1,069225;1,069652
GBP_AUD;2022-06-06T19:01;-999,501724;1,742900;1,739410;1,744640;0,000155;0,000247;1,743617;1,741349
USD_PLN;2022-06-06T19:01;-999,501724;4,292500;4,283920;4,296790;0,000362;0,000228;4,292103;4,288886
CAD_HKD;2022-06-06T19:01;-999,501724;6,237500;6,225030;6,243740;-0,000016;-0,000313;6,235513;6,240599
GBP_CAD;2022-06-06T19:01;-999,501724;1,576400;1,573250;1,577980;-0,000051;-0,000020;1,576543;1,576092
USD_THB;2022-06-06T18:40;-999,501724;34,420000;34,351000;34,455000;0,004955;0,003499;34,413315;34,369146
USD_TRY;2022-06-06T19:01;-999,501724;16,572400;16,539260;16,588970;-0,000254;-0,000332;16,572934;16,576645
EUR_TRY;2022-06-06T19:01;-999,501724;17,716400;17,680970;17,734120;-0,001434;-0,001696;17,713948;17,732000
TRY_JPY;2022-06-06T19:01;-999,501724;7,960000;7,944000;7,968000;0,002971;0,003107;7,960660;7,932084
GBP_NZD;2022-06-06T18:58;-999,501724;1,932000;1,928140;1,933930;0,000111;0,000144;1,932494;1,930268
NZD_USD;2022-06-06T18:58;-999,501724;0,648700;0,647400;0,649350;-0,000069;-0,000083;0,648502;0,649504
NZD_HKD;2022-06-06T18:58;-999,501724;5,089000;5,078820;5,094090;-0,000623;-0,000774;5,087113;5,095553
NZD_SGD;2022-06-06T18:58;-999,501724;0,893100;0,891310;0,893990;-0,000054;-0,000071;0,892836;0,893748
NZD_CHF;2022-06-06T18:58;-999,501724;0,630100;0,628840;0,630730;-0,000010;-0,000040;0,629849;0,629867
EUR_DKK;2022-06-06T19:02;-999,501724;7,439200;7,424320;7,446640;0,000019;0,000006;7,439134;7,439035
USD_THB;2022-06-06T18:40;-999,501599;34,420000;34,351000;34,455000;0,004955;0,003499;34,413315;34,369146
USD_ZAR;2022-06-06T19:02;-999,501599;15,451300;15,420400;15,466750;0,001923;0,001257;15,442770;15,429803
USD_TRY;2022-06-06T19:02;-999,501599;16,572500;16,539360;16,589070;-0,000228;-0,000310;16,572854;16,576605
EUR_TRY;2022-06-06T19:02;-999,501599;17,716000;17,680570;17,733720;-0,001416;-0,001672;17,714187;17,731834
GBP_ZAR;2022-06-06T19:02;-999,501599;19,369400;19,330660;19,388770;0,002155;0,000798;19,362230;19,346086
TRY_JPY;2022-06-06T19:01;-999,501599;7,960000;7,944000;7,968000;0,002971;0,003107;7,960660;7,932084
USD_HKD;2022-06-06T19:03;-999,501599;7,845000;7,829310;7,852840;0,000015;-0,000137;7,844318;7,844894
GBP_NZD;2022-06-06T19:03;-999,501599;1,932200;1,928340;1,934130;0,000119;0,000143;1,932463;1,930287
CHF_ZAR;2022-06-06T19:03;-999,501599;15,909900;15,878080;15,925810;0,001124;0,000296;15,905082;15,909861
NZD_USD;2022-06-06T19:03;-999,501599;0,648700;0,647400;0,649350;-0,000064;-0,000082;0,648517;0,649496
AUD_NZD;2022-06-06T19:03;1999,003198;1,108600;1,110820;1,107490;-0,000081;-0,000098;1,108220;1,108478
NZD_HKD;2022-06-06T19:03;-999,491482;5,089500;5,079320;5,094590;-0,000526;-0,000758;5,087219;5,095493
NZD_SGD;2022-06-06T19:03;-999,491482;0,893000;0,891210;0,893890;-0,000054;-0,000071;0,892853;0,893740
NZD_CHF;2022-06-06T18:58;-999,491482;0,630100;0,628840;0,630730;-0,000010;-0,000040;0,629849;0,629867
EUR_ZAR;2022-06-06T19:03;-999,491482;16,517100;16,484070;16,533620;0,001063;0,000223;16,512677;16,505257
NZD_JPY;2022-06-06T19:03;-999,491482;85,610000;85,438000;85,696000;0,005350;0,003988;85,572916;85,546489
USD_INR;2022-06-06T19:02;-999,491482;77,760000;77,604000;77,838000;0,000603;-0,001103;77,749227;77,689960
NZD_CAD;2022-06-06T19:03;-999,491482;0,815800;0,814170;0,816620;-0,000075;-0,000059;0,815933;0,816453
EUR_DKK;2022-06-06T19:03;-999,491482;7,439200;7,424320;7,446640;0,000022;0,000008;7,439141;7,439036
USD_THB;2022-06-06T18:40;-999,491357;34,420000;34,351000;34,455000;0,004955;0,003499;34,413315;34,369146
USD_TRY;2022-06-06T19:03;-999,491357;16,572500;16,539360;16,589070;-0,000212;-0,000289;16,572780;16,576564
EUR_TRY;2022-06-06T19:03;-999,491357;17,715500;17,680070;17,733220;-0,001401;-0,001632;17,714416;17,731668
TRY_JPY;2022-06-06T19:01;-999,491357;7,960000;7,944000;7,968000;0,002971;0,003107;7,960660;7,932084
AUD_NZD;2022-06-06T19:03;1998,982714;1,108600;1,110820;1,107490;-0,000081;-0,000098;1,108220;1,108478
NZD_CHF;2022-06-06T19:03;-999,491351;0,630000;0,628740;0,630630;-0,000010;-0,000037;0,629877;0,629868
USD_INR;2022-06-06T19:02;-999,491351;77,760000;77,604000;77,838000;0,000603;-0,001103;77,749227;77,689960
EUR_DKK;2022-06-06T19:03;-999,491351;7,439200;7,424320;7,446640;0,000022;0,000008;7,439141;7,439036
USD_THB;2022-06-06T18:40;-999,491351;34,420000;34,351000;34,455000;0,004955;0,003499;34,413315;34,369146
USD_TRY;2022-06-06T19:03;-999,491351;16,572500;16,539360;16,589070;-0,000212;-0,000289;16,572780;16,576564
EUR_TRY;2022-06-06T19:04;-999,491351;17,714300;17,678870;17,732010;-0,001511;-0,001588;17,719680;17,731486
TRY_JPY;2022-06-06T19:01;-999,491351;7,960000;7,944000;7,968000;0,002971;0,003107;7,960660;7,932084
USD_INR;2022-06-06T19:02;-999,491351;77,760000;77,604000;77,838000;0,000603;-0,001103;77,749227;77,689960
USD_THB;2022-06-06T18:40;-999,491351;34,420000;34,351000;34,455000;0,004955;0,003499;34,413315;34,369146
EUR_HUF;2022-06-06T19:26;-999,486037;387,350000;386,575000;387,738000;-0,082735;-0,079179;387,246829;387,736707
USD_MXN;2022-06-06T19:26;-999,486037;19,603800;19,564590;19,623400;-0,000993;-0,001054;19,608562;19,594717
GBP_USD;2022-06-06T19:26;-999,486037;1,253600;1,251090;1,254850;0,000061;0,000084;1,253913;1,253724
CAD_CHF;2022-06-06T19:26;-999,486111;0,772100;0,770560;0,772870;-0,000026;-0,000015;0,772247;0,771616
EUR_GBP;2022-06-06T19:27;-999,486111;0,852800;0,851090;0,853650;0,000017;-0,000014;0,852744;0,853014
GBP_CHF;2022-06-06T19:27;-999,486111;1,217200;1,214770;1,218420;-0,000013;0,000016;1,217477;1,216246
USD_THB;2022-06-06T19:24;-999,486111;34,420000;34,351000;34,455000;0,005829;0,004964;34,423770;34,371626
USD_ZAR;2022-06-06T19:26;-999,486111;15,457100;15,426190;15,472560;0,001497;0,001383;15,452674;15,435638
EUR_NOK;2022-06-06T19:27;-999,486111;10,085100;10,064930;10,095190;0,001322;0,000855;10,083600;10,076425
GBP_PLN;2022-06-06T19:27;-999,486111;5,381000;5,370240;5,386380;0,000039;0,000235;5,381366;5,378500
EUR_HKD;2022-06-06T19:27;-999,486111;8,388600;8,371820;8,396990;0,000738;0,000595;8,386904;8,390444
CHF_JPY;2022-06-06T19:27;-999,486111;135,830000;135,558000;135,966000;-0,005318;-0,007304;135,850359;135,814872
USD_TRY;2022-06-06T19:26;-999,486111;16,571600;16,538460;16,588170;-0,000081;-0,000245;16,572080;16,575494
EUR_TRY;2022-06-06T19:27;-999,486111;17,718600;17,683160;17,736320;0,001071;0,000619;17,715199;17,728052
TRY_JPY;2022-06-06T19:17;-999,486111;7,950000;7,934000;7,958000;0,000335;0,001989;7,962710;7,934542
CHF_ZAR;2022-06-06T19:27;-999,486111;15,919300;15,887460;15,935220;0,002268;0,002239;15,917732;15,911533
AUD_JPY;2022-06-06T19:27;-999,486111;94,850000;94,660000;94,945000;-0,008958;-0,011696;94,800600;94,837558
EUR_ZAR;2022-06-06T19:27;-999,486111;16,528000;16,494940;16,544530;0,002632;0,002248;16,524597;16,509261
USD_INR;2022-06-06T19:26;-999,486111;77,770000;77,614000;77,848000;0,004513;0,002574;77,766794;77,695278
GBP_USD;2022-06-06T19:27;-999,486111;1,253600;1,251090;1,254850;0,000052;0,000076;1,253878;1,253722
USD_THB;2022-06-06T19:24;-999,486111;34,420000;34,351000;34,455000;0,005829;0,004964;34,423770;34,371626
USD_TRY;2022-06-06T19:27;-999,486111;16,571500;16,538360;16,588070;-0,000071;-0,000196;16,572030;16,575454
EUR_TRY;2022-06-06T19:27;-999,486111;17,719400;17,683960;17,737120;0,001135;0,000626;17,715199;17,728060
TRY_JPY;2022-06-06T19:17;-999,486111;7,950000;7,934000;7,958000;0,000335;0,001989;7,962710;7,934542
USD_INR;2022-06-06T19:26;-999,486111;77,770000;77,614000;77,848000;0,004513;0,002574;77,766794;77,695278
USD_THB;2022-06-06T19:24;-999,486111;34,420000;34,351000;34,455000;0,005829;0,004964;34,423770;34,371626
USD_TRY;2022-06-06T19:27;-999,486111;16,571500;16,538360;16,588070;-0,000071;-0,000196;16,572030;16,575454
EUR_TRY;2022-06-06T19:28;-999,486111;17,718900;17,683460;17,736620;0,001152;0,000736;17,715794;17,727969
TRY_JPY;2022-06-06T19:17;-999,486111;7,950000;7,934000;7,958000;0,000335;0,001989;7,962710;7,934542
USD_INR;2022-06-06T19:26;-999,486111;77,770000;77,614000;77,848000;0,004513;0,002574;77,766794;77,695278
USD_THB;2022-06-06T19:24;-999,486111;34,420000;34,351000;34,455000;0,005829;0,004964;34,423770;34,371626
USD_TRY;2022-06-06T19:28;-999,486111;16,571400;16,538260;16,587970;-0,000069;-0,000157;16,571983;16,575414
EUR_TRY;2022-06-06T19:28;-999,486111;17,719300;17,683860;17,737020;0,001184;0,000740;17,715794;17,727973
EUR_GBP;2022-06-06T23:30;-999,297711;0,853700;0,851990;0,854550;0,000037;0,000049;0,853849;0,853438
USD_THB;2022-06-06T23:29;-999,297711;34,420000;34,351000;34,455000;0,000060;0,000485;34,441080;34,391642
USD_THB;2022-06-07T00:03;-999,288930;34,440000;34,371000;34,475000;0,003706;0,004409;34,445629;34,399551
USD_ZAR;2022-06-07T00:04;-999,288930;15,466600;15,435670;15,482070;0,002396;0,001666;15,462697;15,441485
CHF_JPY;2022-06-07T00:04;-999,288930;136,080000;135,807000;136,217000;-0,002292;0,006356;136,024106;135,955257
USD_THB;2022-06-07T00:06;-999,288930;34,440000;34,371000;34,475000;0,004588;0,004271;34,435882;34,400845
GBP_HKD;2022-06-07T00:06;-999,288930;9,823800;9,804150;9,833620;0,000012;0,000565;9,825204;9,827619
EUR_NZD;2022-06-07T00:06;-999,288930;1,649700;1,646400;1,651350;0,000284;0,000142;1,649574;1,648008
EUR_JPY;2022-06-07T00:06;-999,288930;141,250000;140,967000;141,392000;-0,013295;-0,001983;141,311000;141,154991
USD_TRY;2022-06-07T00:04;-999,288930;16,618200;16,584960;16,634820;-0,000293;0,000147;16,620654;16,608640
GBP_JPY;2022-06-07T00:06;-999,288930;165,470000;165,139000;165,636000;-0,015389;-0,000499;165,438720;165,379197
EUR_TRY;2022-06-07T00:06;-999,288930;17,764200;17,728670;17,781960;-0,000405;0,000617;17,765607;17,758725
USD_JPY;2022-06-07T00:06;-999,288930;132,140000;131,875000;132,273000;-0,013317;-0,007223;132,106654;132,018612
GBP_ZAR;2022-06-07T00:06;-999,288930;19,365900;19,327170;19,385270;0,003100;0,003389;19,367476;19,343734
SGD_JPY;2022-06-07T00:06;-999,288930;95,910000;95,718000;96,006000;-0,010335;0,001334;95,954139;95,877187
ZAR_JPY;2022-06-07T00:06;-999,288930;8,540000;8,522000;8,549000;-0,002538;-0,001313;8,541320;8,543232
TRY_JPY;2022-06-07T00:03;-999,288930;7,950000;7,934000;7,958000;0,000428;0,000651;7,956299;7,943274
AUD_CAD;2022-06-07T00:06;-999,288930;0,904000;0,902190;0,904900;-0,000073;-0,000020;0,904167;0,904595
CHF_ZAR;2022-06-07T00:06;-999,288930;15,923800;15,891950;15,939720;0,003691;0,002955;15,922402;15,902149
NZD_USD;2022-06-07T00:06;-999,288930;0,647900;0,646600;0,648550;-0,000114;-0,000029;0,648009;0,648735
AUD_NZD;2022-06-07T00:07;-999,288930;1,108200;1,105980;1,109310;-0,000033;-0,000009;1,108456;1,108323
NZD_HKD;2022-06-07T00:07;-999,288930;5,083400;5,073230;5,088480;-0,000932;-0,000364;5,083397;5,089637
USD_NOK;2022-06-07T00:07;-999,288930;9,435300;9,416430;9,444740;0,000761;-0,000145;9,428970;9,428089
NZD_SGD;2022-06-07T00:07;-999,288930;0,892600;0,890810;0,893490;-0,000149;-0,000119;0,892786;0,893268
CAD_JPY;2022-06-07T00:07;-999,288930;104,990000;104,780000;105,095000;-0,020653;-0,011266;105,019840;104,937521
NZD_CHF;2022-06-07T00:07;-999,288930;0,629300;0,628040;0,629930;-0,000153;-0,000087;0,629315;0,629927
EUR_SEK;2022-06-07T00:07;-999,288930;10,473500;10,452550;10,483970;0,000186;0,000018;10,471144;10,472008
HKD_JPY;2022-06-07T00:07;-999,288930;16,846400;16,812000;16,864000;-0,001478;-0,001200;16,839519;16,828781
AUD_HKD;2022-06-07T00:07;-999,288930;5,633500;5,622230;5,639130;-0,001234;-0,000455;5,635271;5,641128
AUD_JPY;2022-06-07T00:07;-999,288930;94,900000;94,710000;94,995000;-0,028630;-0,014051;94,930290;94,929358
EUR_ZAR;2022-06-07T00:07;-999,288930;16,532300;16,499240;16,548830;0,002655;0,002706;16,529787;16,510284
EUR_AUD;2022-06-07T00:07;-999,288930;1,488600;1,485620;1,490090;0,000317;0,000163;1,488186;1,486909
NZD_JPY;2022-06-07T00:07;-999,288930;85,630000;85,458000;85,716000;-0,023783;-0,012664;85,648880;85,647830
CHF_HKD;2022-06-07T00:07;-999,288930;8,077600;8,061440;8,085680;0,000575;0,000564;8,079740;8,079133
USD_CAD;2022-06-07T00:07;-999,288930;1,258800;1,256280;1,260060;0,000151;0,000058;1,258587;1,258012
USD_INR;2022-06-06T21:03;-999,288930;77,800000;77,644000;77,878000;0,013053;0,010197;77,802279;77,703831
EUR_CHF;2022-06-07T00:07;-999,288930;1,038200;1,036120;1,039240;-0,000066;-0,000034;1,038008;1,038197
EUR_CAD;2022-06-07T00:07;-999,288930;1,345600;1,342910;1,346950;0,000157;0,000097;1,345422;1,345090
NZD_CAD;2022-06-07T00:07;-999,288930;0,815600;0,813970;0,816420;-0,000054;-0,000026;0,815707;0,816136
EUR_SGD;2022-06-07T00:07;-999,288930;1,472700;1,469750;1,474170;0,000042;-0,000032;1,472221;1,472193
AUD_USD;2022-06-07T00:07;-999,288930;0,718000;0,716560;0,718720;-0,000159;-0,000063;0,718270;0,719020
EUR_USD;2022-06-07T00:07;-999,288930;1,068900;1,066760;1,069970;0,000008;0,000036;1,069118;1,069159
USD_THB;2022-06-07T00:07;-999,288930;34,440000;34,371000;34,475000;0,004408;0,004264;34,438056;34,401234
USD_TRY;2022-06-07T00:07;-999,288930;16,618200;16,584960;16,634820;-0,000348;0,000055;16,620529;16,608735
EUR_TRY;2022-06-07T00:07;-999,288930;17,763900;17,728370;17,781660;-0,000426;0,000379;17,764714;17,758783
ZAR_JPY;2022-06-07T00:07;-999,288930;8,540000;8,522000;8,549000;-0,002597;-0,001639;8,541627;8,543200
TRY_JPY;2022-06-07T00:03;-999,288930;7,950000;7,934000;7,958000;0,000428;0,000651;7,956299;7,943274
EUR_HUF;2022-06-07T00:08;-999,288930;387,270000;386,495000;387,658000;-0,001521;-0,007574;387,291650;387,352115
USD_THB;2022-06-07T00:00;-999,288930;34,440000;34,371000;34,475000;0,013866;0,014625;34,438000;34,346676
USD_SEK;2022-06-07T00:00;1998,577860;9,797700;9,817300;9,787900;0,003898;0,003893;9,786757;9,765776
SGD_CHF;2022-06-07T00:00;-999,288568;0,704900;0,703490;0,705600;0,000253;0,000354;0,705500;0,701352
AUD_SGD;2022-06-07T00:00;-999,288568;0,989500;0,987520;0,990490;-0,000293;-0,000219;0,990430;0,991167
USD_CHF;2022-06-07T00:00;-999,284919;0,971200;0,969260;0,972170;0,000641;0,000736;0,971074;0,964134
USD_TRY;2022-06-07T00:00;-999,284919;16,618200;16,584960;16,634820;0,011085;0,009960;16,629755;16,536838
EUR_CZK;2022-06-07T00:00;-999,284919;24,726900;24,677450;24,751630;-0,000184;-0,000528;24,722560;24,703282
EUR_TRY;2022-06-07T00:00;-999,284919;17,766800;17,731270;17,784570;0,007258;0,006140;17,779591;17,719856
USD_CZK;2022-06-07T00:00;-999,284919;23,127100;23,080850;23,150230;0,005484;0,004975;23,110627;23,053586
ZAR_JPY;2022-06-07T00:00;-999,284919;8,540000;8,522000;8,549000;0,004226;0,005699;8,559222;8,459294
TRY_JPY;2022-06-07T00:00;-999,284919;7,950000;7,934000;7,958000;0,003418;0,002883;7,960000;7,908545
USD_DKK;2022-06-07T00:00;-999,284919;6,958300;6,944380;6,965260;0,001801;0,001751;6,956622;6,942215
EUR_PLN;2022-06-07T00:00;-999,284919;4,586600;4,577430;4,591190;-0,000389;-0,000630;4,584424;4,586326
CAD_SGD;2022-06-07T00:00;-999,284919;1,094400;1,092210;1,095490;0,000006;-0,000023;1,095000;1,092507
USD_CNH;2022-06-07T00:00;-999,284919;6,660900;6,647580;6,667560;0,001385;0,000982;6,655757;6,654839
AUD_CHF;2022-06-07T00:00;-999,284919;0,697600;0,696200;0,698300;0,000054;0,000199;0,698474;0,695188
USD_SGD;2022-06-07T00:00;-999,284919;1,377600;1,374840;1,378980;0,000410;0,000351;1,376965;1,374599
USD_INR;2022-06-06T21:00;-999,284919;77,800000;77,644000;77,878000;0,037796;0,037520;77,753892;77,588446
USD_HUF;2022-06-07T00:00;-999,284919;362,280000;361,555000;362,643000;-0,038524;-0,074456;362,094066;364,629957
USD_THB;2022-06-07T00:00;-999,277919;34,440000;34,371000;34,475000;0,013866;0,014625;34,438000;34,346676
AUD_SGD;2022-06-07T00:00;-999,277919;0,989100;0,987120;0,990090;-0,000325;-0,000222;0,990430;0,991163
USD_TRY;2022-06-07T00:00;-999,277919;16,618200;16,584960;16,634820;0,011085;0,009960;16,629755;16,536838
EUR_TRY;2022-06-07T00:00;-999,277919;17,764200;17,728670;17,781960;0,007050;0,006117;17,779591;17,719830
ZAR_JPY;2022-06-07T00:00;-999,277919;8,540000;8,522000;8,549000;0,004226;0,005699;8,559222;8,459294
TRY_JPY;2022-06-07T00:00;-999,277919;7,950000;7,934000;7,958000;0,003418;0,002883;7,960000;7,908545
USD_INR;2022-06-06T21:00;-999,268913;77,800000;77,644000;77,878000;0,037796;0,037520;77,753892;77,588446
USD_THB;2022-06-07T00:00;-999,268913;34,450000;34,381000;34,485000;0,014664;0,014714;34,438000;34,346775
USD_TRY;2022-06-07T00:00;-999,267494;16,618200;16,584960;16,634820;0,011085;0,009960;16,629755;16,536838
EUR_TRY;2022-06-07T00:00;-999,267494;17,764300;17,728770;17,782060;0,007058;0,006118;17,779591;17,719831
ZAR_JPY;2022-06-07T00:00;-999,267494;8,540000;8,522000;8,549000;0,004226;0,005699;8,559222;8,459294
TRY_JPY;2022-06-07T00:00;-999,267494;7,950000;7,934000;7,958000;0,003418;0,002883;7,960000;7,908545
USD_INR;2022-06-06T21:00;-999,267494;77,800000;77,644000;77,878000;0,037796;0,037520;77,753892;77,588446
USD_THB;2022-06-07T00:00;-999,267369;34,450000;34,381000;34,485000;0,014664;0,014714;34,438000;34,346775
USD_TRY;2022-06-07T00:00;-999,267369;16,618200;16,584960;16,634820;0,011085;0,009960;16,629755;16,536838
EUR_TRY;2022-06-07T00:00;-999,267369;17,764000;17,728470;17,781760;0,007034;0,006115;17,779591;17,719828
TRY_JPY;2022-06-07T00:00;-999,267369;7,950000;7,934000;7,958000;0,003418;0,002883;7,960000;7,908545
USD_INR;2022-06-06T21:00;-999,267369;77,800000;77,644000;77,878000;0,037796;0,037520;77,753892;77,588446
USD_THB;2022-06-07T00:00;-999,267369;34,450000;34,381000;34,485000;0,014664;0,014714;34,438000;34,346775
USD_TRY;2022-06-07T00:00;-999,267369;16,618200;16,584960;16,634820;0,011085;0,009960;16,629755;16,536838
EUR_TRY;2022-06-07T00:00;-999,267369;17,762400;17,726880;17,780160;0,006907;0,006101;17,779591;17,719812
TRY_JPY;2022-06-07T00:00;-999,267369;7,950000;7,934000;7,958000;0,003418;0,002883;7,960000;7,908545
USD_INR;2022-06-06T21:00;-999,267369;77,800000;77,644000;77,878000;0,037796;0,037520;77,753892;77,588446
USD_THB;2022-06-07T00:00;-999,267369;34,450000;34,381000;34,485000;0,014664;0,014714;34,438000;34,346775
USD_TRY;2022-06-07T00:00;-999,267369;16,618200;16,584960;16,634820;0,011085;0,009960;16,629755;16,536838
EUR_TRY;2022-06-07T00:00;-999,267369;17,762400;17,726880;17,780160;0,006907;0,006101;17,779591;17,719812
TRY_JPY;2022-06-07T00:00;-999,267369;7,950000;7,934000;7,958000;0,003418;0,002883;7,960000;7,908545
USD_INR;2022-06-06T21:00;-999,267369;77,800000;77,644000;77,878000;0,037796;0,037520;77,753892;77,588446
USD_THB;2022-06-07T00:00;-999,267369;34,450000;34,381000;34,485000;0,014664;0,014714;34,438000;34,346775
USD_TRY;2022-06-07T00:00;-999,267369;16,618200;16,584960;16,634820;0,011085;0,009960;16,629755;16,536838
EUR_TRY;2022-06-07T00:00;-999,267369;17,764100;17,728570;17,781860;0,007042;0,006116;17,779591;17,719829
TRY_JPY;2022-06-07T00:00;-999,267369;7,950000;7,934000;7,958000;0,003418;0,002883;7,960000;7,908545
USD_INR;2022-06-06T21:00;-999,267369;77,800000;77,644000;77,878000;0,037796;0,037520;77,753892;77,588446
USD_THB;2022-06-07T00:00;-999,267369;34,450000;34,381000;34,485000;0,014664;0,014714;34,438000;34,346775
USD_TRY;2022-06-07T00:00;-999,267369;16,618200;16,584960;16,634820;0,011085;0,009960;16,629755;16,536838
EUR_TRY;2022-06-07T00:00;-999,267369;17,763800;17,728270;17,781560;0,007018;0,006114;17,779591;17,719826
TRY_JPY;2022-06-07T00:00;-999,267369;7,950000;7,934000;7,958000;0,003418;0,002883;7,960000;7,908545
USD_INR;2022-06-06T21:00;-999,267369;77,800000;77,644000;77,878000;0,037796;0,037520;77,753892;77,588446
USD_THB;2022-06-07T00:00;-999,267369;34,450000;34,381000;34,485000;0,014664;0,014714;34,438000;34,346775
USD_TRY;2022-06-07T00:00;-999,267369;16,618200;16,584960;16,634820;0,011085;0,009960;16,629755;16,536838
EUR_TRY;2022-06-07T00:00;-999,267369;17,762700;17,727170;17,780460;0,006931;0,006104;17,779591;17,719815
TRY_JPY;2022-06-07T00:00;-999,267369;7,950000;7,934000;7,958000;0,003418;0,002883;7,960000;7,908545
USD_INR;2022-06-06T21:00;-999,267369;77,800000;77,644000;77,878000;0,037796;0,037520;77,753892;77,588446
USD_THB;2022-06-07T00:00;-999,267369;34,450000;34,381000;34,485000;0,014664;0,014714;34,438000;34,346775
USD_TRY;2022-06-07T00:00;-999,267369;16,618200;16,584960;16,634820;0,011085;0,009960;16,629755;16,536838
EUR_TRY;2022-06-07T00:15;-999,267369;17,763600;17,728070;17,781360;0,006637;0,006518;17,778655;17,720250
TRY_JPY;2022-06-07T00:00;-999,267369;7,950000;7,934000;7,958000;0,003418;0,002883;7,960000;7,908545
USD_INR;2022-06-06T21:00;-999,267369;77,800000;77,644000;77,878000;0,037796;0,037520;77,753892;77,588446
USD_THB;2022-06-07T00:15;1998,534738;34,450000;34,519000;34,415000;0,015430;0,014514;34,438880;34,347802
USD_TRY;2022-06-07T00:00;-999,267369;16,618200;16,584960;16,634820;0,011085;0,009960;16,629755;16,536838
EUR_TRY;2022-06-07T00:15;-999,267369;17,763300;17,727770;17,781060;0,006613;0,006515;17,778655;17,720247
TRY_JPY;2022-06-07T00:00;-999,267369;7,950000;7,934000;7,958000;0,003418;0,002883;7,960000;7,908545
USD_INR;2022-06-06T21:00;-999,267369;77,800000;77,644000;77,878000;0,037796;0,037520;77,753892;77,588446
USD_TRY;2022-06-07T00:00;-999,266024;16,618200;16,584960;16,634820;0,011085;0,009960;16,629755;16,536838
EUR_TRY;2022-06-07T00:15;-999,266024;17,765200;17,729670;17,782970;0,006765;0,006532;17,778655;17,720266
TRY_JPY;2022-06-07T00:00;-999,266024;7,950000;7,934000;7,958000;0,003418;0,002883;7,960000;7,908545
USD_INR;2022-06-06T21:00;-999,266024;77,800000;77,644000;77,878000;0,037796;0,037520;77,753892;77,588446
USD_TRY;2022-06-07T00:00;-999,266024;16,618200;16,584960;16,634820;0,011085;0,009960;16,629755;16,536838
EUR_TRY;2022-06-07T00:15;-999,266024;17,763500;17,727970;17,781260;0,006629;0,006517;17,778655;17,720249
TRY_JPY;2022-06-07T00:00;-999,266024;7,950000;7,934000;7,958000;0,003418;0,002883;7,960000;7,908545
USD_INR;2022-06-06T21:00;-999,266024;77,800000;77,644000;77,878000;0,037796;0,037520;77,753892;77,588446
USD_TRY;2022-06-07T00:00;-999,266024;16,618200;16,584960;16,634820;0,011085;0,009960;16,629755;16,536838
EUR_TRY;2022-06-07T00:15;-999,266024;17,763400;17,727870;17,781160;0,006621;0,006516;17,778655;17,720248
TRY_JPY;2022-06-07T00:00;-999,266024;7,950000;7,934000;7,958000;0,003418;0,002883;7,960000;7,908545
USD_INR;2022-06-06T21:00;-999,266024;77,800000;77,644000;77,878000;0,037796;0,037520;77,753892;77,588446
USD_TRY;2022-06-07T00:15;-999,266024;16,618200;16,584960;16,634820;0,010751;0,010380;16,629118;16,537647
EUR_TRY;2022-06-07T00:15;-999,266024;17,764300;17,728770;17,782060;0,006693;0,006524;17,778655;17,720257
TRY_JPY;2022-06-07T00:15;-999,266024;7,940000;7,924000;7,948000;0,002760;0,002643;7,959520;7,908858
USD_INR;2022-06-06T21:00;-999,266024;77,800000;77,644000;77,878000;0,037796;0,037520;77,753892;77,588446
USD_TRY;2022-06-07T00:15;-999,266024;16,618200;16,584960;16,634820;0,010751;0,010380;16,629118;16,537647
EUR_TRY;2022-06-07T00:15;-999,266024;17,764100;17,728570;17,781860;0,006677;0,006522;17,778655;17,720255
TRY_JPY;2022-06-07T00:15;-999,266024;7,950000;7,934000;7,958000;0,003557;0,002732;7,959520;7,908958
EUR_HUF;2022-06-07T10:15;-999,288907;390,140000;389,359000;390,531000;0,527084;0,499027;389,174000;389,918905
EUR_DKK;2022-06-07T10:15;-999,288907;7,439400;7,424520;7,446840;0,000131;0,000134;7,439267;7,438958
USD_MXN;2022-06-07T10:15;-999,288907;19,529200;19,490140;19,548730;-0,008429;-0,006982;19,548745;19,557744
GBP_USD;2022-06-07T10:15;-999,288907;1,251300;1,248800;1,252550;0,000478;0,000102;1,252875;1,252103
CAD_CHF;2022-06-07T10:15;-999,288907;0,775100;0,773550;0,775880;0,000929;0,000726;0,775580;0,768362
EUR_GBP;2022-06-07T10:15;-999,288907;0,853200;0,851490;0,854050;-0,000387;-0,000008;0,854394;0,854832
GBP_CHF;2022-06-07T10:15;-999,288907;1,221600;1,219160;1,222820;0,001853;0,001253;1,218433;1,211056
USD_THB;2022-06-07T10:15;-999,288907;34,470000;34,401000;34,505000;0,003810;0,005454;34,477004;34,384526
USD_ZAR;2022-06-07T10:15;-999,288907;15,398700;15,367900;15,414100;-0,025184;-0,019782;15,445143;15,465555
EUR_NOK;2022-06-07T10:15;-999,288907;10,141900;10,121620;10,152040;0,012059;0,012684;10,131182;10,097524
GBP_PLN;2022-06-07T10:15;-999,288907;5,373900;5,363150;5,379270;0,001007;-0,001288;5,360787;5,365257
EUR_HKD;2022-06-07T10:15;-999,288907;8,375800;8,359050;8,384180;-0,000526;0,000846;8,388224;8,397935
CHF_JPY;2022-06-07T10:15;-999,288907;135,910000;135,638000;136,046000;-0,131895;-0,089769;136,201411;135,913020
USD_SEK;2022-06-07T10:15;1998,577814;9,835600;9,855270;9,825760;0,004128;0,003982;9,819188;9,784469
GBP_SGD;2022-06-07T10:15;-999,288907;1,721500;1,718060;1,723220;-0,000129;-0,000628;1,719967;1,722501
CAD_CHF;2022-06-07T10:30;-999,267136;0,776100;0,774550;0,776880;0,001067;0,000800;0,775923;0,768448
GBP_CHF;2022-06-07T10:30;-999,267136;1,221800;1,219360;1,223020;0,002001;0,001423;1,219199;1,211177
USD_THB;2022-06-07T10:30;-999,267136;34,460000;34,391000;34,495000;0,003040;0,004794;34,475324;34,385277
USD_ZAR;2022-06-07T10:30;-999,267136;15,362100;15,331380;15,377460;-0,029381;-0,021759;15,439022;15,464313
USD_SEK;2022-06-07T10:30;-999,267136;9,833900;9,814230;9,843730;0,004044;0,004065;9,821200;9,784921
GBP_HKD;2022-06-07T10:30;-999,267136;9,817500;9,797870;9,827320;0,004378;0,001763;9,827305;9,823671
EUR_NZD;2022-06-07T10:30;-999,267136;1,653900;1,650590;1,655550;0,000439;0,000827;1,655720;1,648269
SGD_CHF;2022-06-07T10:30;-999,267136;0,710100;0,708680;0,710810;0,001206;0,001039;0,708956;0,703120
AUD_SGD;2022-06-07T10:30;-999,267136;0,988800;0,986820;0,989790;-0,000293;-0,000163;0,989505;0,990611
EUR_JPY;2022-06-07T10:30;-999,267136;141,730000;141,446000;141,872000;0,017439;0,044236;141,828765;140,726463
USD_CHF;2022-06-07T10:30;-999,267136;0,976700;0,974750;0,977680;0,001193;0,000985;0,975923;0,967284
USD_TRY;2022-06-07T10:30;-999,267136;16,746800;16,713310;16,763550;0,028781;0,031671;16,719298;16,583860
GBP_JPY;2022-06-07T10:30;-999,267136;166,040000;165,707000;166,207000;0,102930;0,069805;166,151213;164,620953
EUR_TRY;2022-06-07T10:30;-999,267136;17,884800;17,849030;17,902680;0,029519;0,034760;17,847652;17,751220
USD_JPY;2022-06-07T10:30;-999,267136;132,710000;132,444000;132,843000;0,025135;0,034603;132,743198;131,472782
GBP_ZAR;2022-06-07T10:30;-999,267136;19,222300;19,183860;19,241520;-0,028309;-0,024117;19,283581;19,363698
SGD_JPY;2022-06-07T10:30;-999,267136;96,480000;96,287000;96,577000;0,063717;0,068676;96,399723;95,568266
USD_CZK;2022-06-07T10:30;-999,267136;23,168000;23,121660;23,191170;0,004337;0,001744;23,144846;23,087374
ZAR_JPY;2022-06-07T10:30;-999,267136;8,640000;8,622000;8,649000;0,018273;0,014096;8,598427;8,498265
TRY_JPY;2022-06-07T10:30;-999,267136;7,920000;7,904000;7,928000;-0,011908;-0,012793;7,940461;7,924244
USD_DKK;2022-06-07T10:30;-999,267136;6,966100;6,952170;6,973070;0,000599;-0,000237;6,960507;6,949710
EUR_PLN;2022-06-07T10:30;-999,267136;4,583200;4,574030;4,587780;-0,001259;-0,001193;4,581256;4,586564
AUD_CAD;2022-06-07T10:45;-999,267136;0,904600;0,902790;0,905500;-0,000032;0,000190;0,906531;0,906396
CAD_SGD;2022-06-07T10:45;-999,267136;1,093200;1,091010;1,094290;-0,000279;-0,000451;1,092108;1,092867
GBP_NZD;2022-06-07T10:45;-999,267136;1,937800;1,933920;1,939740;0,001447;0,001241;1,936112;1,928245
CHF_ZAR;2022-06-07T10:45;-999,267136;15,728500;15,697040;15,744230;-0,051108;-0,040963;15,775918;15,984902
USD_CNH;2022-06-07T10:45;-999,267136;6,669400;6,656060;6,676070;0,000543;0,001317;6,676558;6,660346
NZD_USD;2022-06-07T10:45;-999,267136;0,645700;0,644410;0,646350;-0,000183;-0,000271;0,645004;0,649317
AUD_NZD;2022-06-07T10:45;-999,267136;1,113400;1,111170;1,114510;0,000527;0,000757;1,112892;1,108930
NZD_HKD;2022-06-07T10:30;-999,267136;5,066800;5,056670;5,071870;-0,001603;-0,002187;5,070986;5,094821
USD_NOK;2022-06-07T10:45;-999,267136;9,494600;9,475610;9,504090;0,011245;0,011533;9,475187;9,434644
NZD_SGD;2022-06-07T10:45;-999,267136;0,888100;0,886320;0,888990;-0,000685;-0,000779;0,888597;0,893257
CAD_JPY;2022-06-07T10:45;-999,267136;105,480000;105,269000;105,586000;0,043180;0,030492;105,275061;104,457570
AUD_CHF;2022-06-07T10:45;-999,267136;0,702200;0,700800;0,702900;0,000986;0,000935;0,700861;0,696604
NZD_CHF;2022-06-07T10:45;-999,267136;0,630700;0,629440;0,631330;0,000589;0,000410;0,630659;0,628148
USD_SGD;2022-06-07T10:45;-999,267136;1,375400;1,372650;1,376780;-0,000657;-0,000626;1,376281;1,375627
EUR_SEK;2022-06-07T10:45;-999,267136;10,501300;10,480300;10,511800;0,003443;0,004640;10,509212;10,473954
HKD_JPY;2022-06-07T10:45;-999,267136;16,912400;16,878000;16,930000;0,002539;0,003631;16,901024;16,759768
AUD_HKD;2022-06-07T10:45;-999,267136;5,642100;5,630820;5,647740;0,001220;0,001579;5,647337;5,649653
AUD_JPY;2022-06-07T10:45;-999,267136;95,420000;95,229000;95,516000;0,035705;0,047455;95,631726;94,681465
EUR_ZAR;2022-06-07T10:45;-999,267136;16,402100;16,369300;16,418500;-0,034860;-0,024588;16,476709;16,551629
EUR_AUD;2022-06-07T10:45;-999,267136;1,485300;1,482330;1,486790;-0,000417;-0,000356;1,484307;1,486367
NZD_JPY;2022-06-07T10:45;-999,267136;85,690000;85,518000;85,776000;-0,009182;-0,015482;85,746080;85,376625
CHF_HKD;2022-06-07T10:45;-999,267136;8,033900;8,017830;8,041930;-0,009623;-0,008487;8,039283;8,110001
USD_CAD;2022-06-07T10:45;-999,267136;1,258000;1,255480;1,259260;-0,000297;-0,000059;1,259576;1,258685
USD_INR;2022-06-07T10:30;-999,267136;77,720000;77,564000;77,798000;0,005709;-0,005053;77,652758;77,612491
EUR_CHF;2022-06-07T10:45;-999,267136;1,043100;1,041010;1,044140;0,001175;0,001134;1,042118;1,035462
EUR_CAD;2022-06-07T10:45;-999,267136;1,343600;1,340910;1,344940;-0,000432;-0,000041;1,344690;1,347286
USD_HUF;2022-06-07T10:45;-999,267136;365,040000;364,309000;365,406000;0,484754;0,466577;364,476669;364,293473
NZD_CAD;2022-06-07T10:45;-999,267136;0,812300;0,810680;0,813110;-0,000427;-0,000383;0,813037;0,817324
EUR_SGD;2022-06-07T10:45;-999,267136;1,468900;1,465960;1,470370;-0,000834;-0,000641;1,469353;1,472435
AUD_USD;2022-06-07T10:45;-999,267136;0,719000;0,717560;0,719720;0,000140;0,000185;0,719807;0,720075
EUR_USD;2022-06-07T10:45;-999,267136;1,068000;1,065860;1,069070;-0,000089;0,000020;1,068144;1,070328
GBP_AUD;2022-06-07T10:45;-999,267136;1,740400;1,736920;1,742140;0,000482;-0,000063;1,736425;1,738768
USD_PLN;2022-06-07T10:45;-999,267136;4,291500;4,282920;4,295790;-0,000737;-0,001153;4,287638;4,284825
CAD_HKD;2022-06-07T10:45;-999,267136;6,237100;6,224630;6,243340;0,001594;0,000433;6,227861;6,232895
GBP_CAD;2022-06-07T10:45;-999,267136;1,574400;1,571250;1,575970;0,000368;0,000271;1,577005;1,576082
USD_THB;2022-06-07T10:30;-999,267136;34,460000;34,391000;34,495000;0,003040;0,004794;34,475324;34,385277
USD_TRY;2022-06-07T10:45;-999,267136;16,746700;16,713210;16,763450;0,027552;0,031335;16,722190;16,585480
EUR_TRY;2022-06-07T10:45;-999,267136;17,888100;17,852320;17,905990;0,028113;0,033840;17,850169;17,752578
TRY_JPY;2022-06-07T10:30;-999,267136;7,920000;7,904000;7,928000;-0,011908;-0,012793;7,940461;7,924244
USD_THB;2022-06-07T10:45;-999,267136;34,460000;34,391000;34,495000;0,002401;0,004311;34,473778;34,386020
USD_TRY;2022-06-07T10:45;-999,267136;16,746800;16,713310;16,763550;0,027560;0,031335;16,722190;16,585481
EUR_TRY;2022-06-07T10:45;-999,267136;17,888400;17,852620;17,906290;0,028137;0,033842;17,850169;17,752581
TRY_JPY;2022-06-07T10:30;-999,267136;7,920000;7,904000;7,928000;-0,011908;-0,012793;7,940461;7,924244
USD_THB;2022-06-07T10:45;-999,267136;34,460000;34,391000;34,495000;0,002401;0,004311;34,473778;34,386020
USD_TRY;2022-06-07T10:45;-999,267136;16,746700;16,713210;16,763450;0,027552;0,031335;16,722190;16,585480
EUR_TRY;2022-06-07T10:45;-999,267136;17,886200;17,850430;17,904090;0,027961;0,033823;17,850169;17,752559
TRY_JPY;2022-06-07T10:30;-999,267136;7,920000;7,904000;7,928000;-0,011908;-0,012793;7,940461;7,924244
USD_THB;2022-06-07T10:45;-999,267136;34,460000;34,391000;34,495000;0,002401;0,004311;34,473778;34,386020
USD_TRY;2022-06-07T10:45;-999,267136;16,746900;16,713410;16,763650;0,027568;0,031336;16,722190;16,585482
EUR_TRY;2022-06-07T10:45;-999,267136;17,884500;17,848730;17,902380;0,027826;0,033808;17,850169;17,752542
TRY_JPY;2022-06-07T10:30;-999,267136;7,920000;7,904000;7,928000;-0,011908;-0,012793;7,940461;7,924244
USD_THB;2022-06-07T10:45;-999,267136;34,460000;34,391000;34,495000;0,002401;0,004311;34,473778;34,386020
USD_TRY;2022-06-07T10:45;-999,267136;16,746900;16,713410;16,763650;0,027568;0,031336;16,722190;16,585482
EUR_TRY;2022-06-07T10:45;-999,267014;17,889300;17,853520;17,907190;0,028209;0,033850;17,850169;17,752590
TRY_JPY;2022-06-07T10:30;-999,267014;7,920000;7,904000;7,928000;-0,011908;-0,012793;7,940461;7,924244
USD_THB;2022-06-07T10:45;-999,267014;34,460000;34,391000;34,495000;0,002401;0,004311;34,473778;34,386020
USD_TRY;2022-06-07T10:45;-999,267014;16,747600;16,714100;16,764350;0,027624;0,031343;16,722190;16,585489
EUR_TRY;2022-06-07T10:45;-999,267014;17,886700;17,850930;17,904590;0,028001;0,033827;17,850169;17,752564
TRY_JPY;2022-06-07T10:45;-999,267014;7,920000;7,904000;7,928000;-0,011554;-0,012836;7,939483;7,924201
USD_THB;2022-06-07T10:45;-999,267014;34,460000;34,391000;34,495000;0,002401;0,004311;34,473778;34,386020
USD_TRY;2022-06-07T10:45;-999,267014;16,747200;16,713710;16,763950;0,027592;0,031339;16,722190;16,585485
EUR_TRY;2022-06-07T10:45;-999,267014;17,885400;17,849630;17,903290;0,027898;0,033816;17,850169;17,752551
TRY_JPY;2022-06-07T10:45;-999,267014;7,920000;7,904000;7,928000;-0,011554;-0,012836;7,939483;7,924201
USD_THB;2022-06-07T10:45;-999,267014;34,460000;34,391000;34,495000;0,002401;0,004311;34,473778;34,386020
USD_TRY;2022-06-07T10:45;-999,267014;16,746300;16,712810;16,763050;0,027520;0,031331;16,722190;16,585476
EUR_TRY;2022-06-07T10:45;-999,267014;17,885100;17,849330;17,902990;0,027874;0,033813;17,850169;17,752548
TRY_JPY;2022-06-07T10:45;-999,267014;7,920000;7,904000;7,928000;-0,011554;-0,012836;7,939483;7,924201
USD_THB;2022-06-07T10:45;-999,267014;34,460000;34,391000;34,495000;0,002401;0,004311;34,473778;34,386020
USD_TRY;2022-06-07T10:45;-999,267014;16,747000;16,713510;16,763750;0,027576;0,031337;16,722190;16,585483
EUR_TRY;2022-06-07T10:45;-999,267014;17,887400;17,851630;17,905290;0,028057;0,033834;17,850169;17,752571
TRY_JPY;2022-06-07T10:45;-999,267014;7,920000;7,904000;7,928000;-0,011554;-0,012836;7,939483;7,924201
USD_THB;2022-06-07T10:45;-999,267014;34,460000;34,391000;34,495000;0,002401;0,004311;34,473778;34,386020
USD_TRY;2022-06-07T10:45;-999,267014;16,747400;16,713910;16,764150;0,027608;0,031341;16,722190;16,585487
EUR_TRY;2022-06-07T10:45;-999,267014;17,884800;17,849030;17,902680;0,027850;0,033811;17,850169;17,752545
TRY_JPY;2022-06-07T10:45;-999,267014;7,920000;7,904000;7,928000;-0,011554;-0,012836;7,939483;7,924201
USD_THB;2022-06-07T10:45;-999,267014;34,460000;34,391000;34,495000;0,002401;0,004311;34,473778;34,386020
USD_TRY;2022-06-07T10:45;-999,267014;16,747400;16,713910;16,764150;0,027608;0,031341;16,722190;16,585487
EUR_TRY;2022-06-07T10:45;-999,267014;17,884900;17,849130;17,902780;0,027858;0,033811;17,850169;17,752546
TRY_JPY;2022-06-07T10:45;-999,267014;7,920000;7,904000;7,928000;-0,011554;-0,012836;7,939483;7,924201
USD_THB;2022-06-07T10:45;-999,267014;34,460000;34,391000;34,495000;0,002401;0,004311;34,473778;34,386020
USD_TRY;2022-06-07T10:45;-999,267014;16,747300;16,713810;16,764050;0,027600;0,031340;16,722190;16,585486
EUR_TRY;2022-06-07T10:45;-999,267014;17,881000;17,845240;17,898880;0,027547;0,033777;17,850169;17,752507
TRY_JPY;2022-06-07T10:45;-999,267014;7,920000;7,904000;7,928000;-0,011554;-0,012836;7,939483;7,924201
USD_THB;2022-06-07T10:45;-999,267014;34,460000;34,391000;34,495000;0,002401;0,004311;34,473778;34,386020
USD_TRY;2022-06-07T10:45;-999,267014;16,747900;16,714400;16,764650;0,027648;0,031345;16,722190;16,585492
EUR_TRY;2022-06-07T10:45;-999,267014;17,879200;17,843440;17,897080;0,027403;0,033761;17,850169;17,752489
TRY_JPY;2022-06-07T10:45;-999,267014;7,920000;7,904000;7,928000;-0,011554;-0,012836;7,939483;7,924201
USD_THB;2022-06-07T10:45;-999,267014;34,460000;34,391000;34,495000;0,002401;0,004311;34,473778;34,386020
USD_TRY;2022-06-07T10:45;-999,267014;16,747800;16,714300;16,764550;0,027640;0,031344;16,722190;16,585491
EUR_TRY;2022-06-07T10:45;-999,267014;17,880100;17,844340;17,897980;0,027475;0,033769;17,850169;17,752498
TRY_JPY;2022-06-07T10:45;-999,267014;7,920000;7,904000;7,928000;-0,011554;-0,012836;7,939483;7,924201
USD_THB;2022-06-07T10:45;-999,267014;34,460000;34,391000;34,495000;0,002401;0,004311;34,473778;34,386020
USD_TRY;2022-06-07T10:45;-999,267014;16,747500;16,714010;16,764250;0,027616;0,031342;16,722190;16,585488
EUR_TRY;2022-06-07T10:45;-999,267014;17,882300;17,846540;17,900180;0,027650;0,033788;17,850169;17,752520
TRY_JPY;2022-06-07T10:45;-999,267014;7,920000;7,904000;7,928000;-0,011554;-0,012836;7,939483;7,924201
USD_THB;2022-06-07T10:45;-999,267014;34,460000;34,391000;34,495000;0,002401;0,004311;34,473778;34,386020
USD_TRY;2022-06-07T10:45;-999,267014;16,747900;16,714400;16,764650;0,027648;0,031345;16,722190;16,585492
EUR_TRY;2022-06-07T10:45;-999,267014;17,882300;17,846540;17,900180;0,027650;0,033788;17,850169;17,752520
TRY_JPY;2022-06-07T10:45;-999,267014;7,920000;7,904000;7,928000;-0,011554;-0,012836;7,939483;7,924201
USD_THB;2022-06-07T10:45;-999,267014;34,460000;34,391000;34,495000;0,002401;0,004311;34,473778;34,386020
USD_TRY;2022-06-07T10:45;-999,267014;16,747900;16,714400;16,764650;0,027648;0,031345;16,722190;16,585492
EUR_TRY;2022-06-07T10:45;-999,267014;17,882600;17,846830;17,900480;0,027674;0,033791;17,850169;17,752523
TRY_JPY;2022-06-07T10:45;-999,267014;7,920000;7,904000;7,928000;-0,011554;-0,012836;7,939483;7,924201
USD_THB;2022-06-07T10:45;-999,267014;34,460000;34,391000;34,495000;0,002401;0,004311;34,473778;34,386020
USD_TRY;2022-06-07T10:45;-999,267014;16,747900;16,714400;16,764650;0,027648;0,031345;16,722190;16,585492
EUR_TRY;2022-06-07T10:45;-999,267014;17,883900;17,848130;17,901780;0,027778;0,033803;17,850169;17,752536
TRY_JPY;2022-06-07T10:45;-999,267014;7,920000;7,904000;7,928000;-0,011554;-0,012836;7,939483;7,924201
USD_THB;2022-06-07T10:45;-999,267014;34,460000;34,391000;34,495000;0,002401;0,004311;34,473778;34,386020
USD_TRY;2022-06-07T10:45;-999,267014;16,747900;16,714400;16,764650;0,027648;0,031345;16,722190;16,585492
EUR_TRY;2022-06-07T10:45;-999,267014;17,881000;17,845240;17,898880;0,027547;0,033777;17,850169;17,752507
TRY_JPY;2022-06-07T10:45;-999,267014;7,920000;7,904000;7,928000;-0,011554;-0,012836;7,939483;7,924201
USD_THB;2022-06-07T10:45;-999,266935;34,460000;34,391000;34,495000;0,002401;0,004311;34,473778;34,386020
USD_TRY;2022-06-07T10:45;-999,266935;16,747900;16,714400;16,764650;0,027648;0,031345;16,722190;16,585492
EUR_TRY;2022-06-07T10:45;-999,266935;17,883900;17,848130;17,901780;0,027778;0,033803;17,850169;17,752536
TRY_JPY;2022-06-07T10:45;-999,266935;7,920000;7,904000;7,928000;-0,011554;-0,012836;7,939483;7,924201
USD_THB;2022-06-07T10:45;-999,266935;34,450000;34,381000;34,485000;0,001603;0,004223;34,473778;34,385921
USD_TRY;2022-06-07T10:45;-999,266935;16,747400;16,713910;16,764150;0,027608;0,031341;16,722190;16,585487
EUR_TRY;2022-06-07T10:45;-999,266935;17,879800;17,844040;17,897680;0,027451;0,033766;17,850169;17,752495
TRY_JPY;2022-06-07T10:45;-999,266935;7,920000;7,904000;7,928000;-0,011554;-0,012836;7,939483;7,924201
USD_THB;2022-06-07T10:45;-999,268029;34,450000;34,381000;34,485000;0,001603;0,004223;34,473778;34,385921
USD_TRY;2022-06-07T10:45;-999,255902;16,747500;16,714010;16,764250;0,027616;0,031342;16,722190;16,585488
EUR_TRY;2022-06-07T10:45;-999,255902;17,878200;17,842440;17,896080;0,027323;0,033752;17,850169;17,752479
TRY_JPY;2022-06-07T10:45;-999,255902;7,930000;7,914000;7,938000;-0,010756;-0,012747;7,939483;7,924301
USD_THB;2022-06-07T10:45;-999,239352;34,470000;34,401000;34,505000;0,003199;0,004400;34,473778;34,386120
USD_TRY;2022-06-07T10:45;-999,239352;16,748900;16,715400;16,765650;0,027727;0,031354;16,722190;16,585502
EUR_TRY;2022-06-07T10:45;-999,239352;17,874700;17,838950;17,892570;0,027044;0,033721;17,850169;17,752445
TRY_JPY;2022-06-07T10:45;-999,239352;7,930000;7,914000;7,938000;-0,010756;-0,012747;7,939483;7,924301
USD_THB;2022-06-07T10:45;-999,239352;34,470000;34,401000;34,505000;0,003199;0,004400;34,473778;34,386120
USD_TRY;2022-06-07T11:00;-999,243178;16,748600;16,715100;16,765350;0,026544;0,030727;16,724850;16,587122
EUR_TRY;2022-06-07T11:00;-999,241990;17,879500;17,843740;17,897380;0,025334;0,032480;17,852585;17,753730
TRY_JPY;2022-06-07T11:00;-999,241990;7,930000;7,914000;7,938000;-0,009732;-0,012478;7,938543;7,924358
USD_THB;2022-06-07T11:00;-999,241990;34,470000;34,401000;34,505000;0,003287;0,004041;34,472356;34,386955
USD_TRY;2022-06-07T11:00;-999,241990;16,749000;16,715500;16,765750;0,026576;0,030730;16,724850;16,587126
EUR_TRY;2022-06-07T11:00;-999,241990;17,879300;17,843540;17,897180;0,025318;0,032478;17,852585;17,753728
TRY_JPY;2022-06-07T11:00;-999,241990;7,930000;7,914000;7,938000;-0,009732;-0,012478;7,938543;7,924358
USD_THB;2022-06-07T11:00;-999,241990;34,470000;34,401000;34,505000;0,003287;0,004041;34,472356;34,386955
USD_TRY;2022-06-07T11:00;-999,241990;16,748800;16,715300;16,765550;0,026560;0,030729;16,724850;16,587124
EUR_TRY;2022-06-07T11:00;-999,241990;17,878000;17,842240;17,895880;0,025214;0,032466;17,852585;17,753715
TRY_JPY;2022-06-07T11:00;-999,241990;7,930000;7,914000;7,938000;-0,009732;-0,012478;7,938543;7,924358
USD_THB;2022-06-07T11:00;-999,241990;34,470000;34,401000;34,505000;0,003287;0,004041;34,472356;34,386955
USD_TRY;2022-06-07T11:00;-999,241990;16,748300;16,714800;16,765050;0,026520;0,030724;16,724850;16,587119
EUR_TRY;2022-06-07T11:00;-999,241990;17,875400;17,839650;17,893280;0,025007;0,032443;17,852585;17,753689
TRY_JPY;2022-06-07T11:00;-999,241990;7,930000;7,914000;7,938000;-0,009732;-0,012478;7,938543;7,924358
USD_THB;2022-06-07T11:00;-999,241990;34,470000;34,401000;34,505000;0,003287;0,004041;34,472356;34,386955
USD_TRY;2022-06-07T11:00;-999,241990;16,748300;16,714800;16,765050;0,026520;0,030724;16,724850;16,587119
EUR_TRY;2022-06-07T11:00;-999,241990;17,874800;17,839050;17,892670;0,024959;0,032438;17,852585;17,753683
TRY_JPY;2022-06-07T11:00;-999,241990;7,930000;7,914000;7,938000;-0,009732;-0,012478;7,938543;7,924358
USD_THB;2022-06-07T11:00;-999,235130;34,470000;34,401000;34,505000;0,003287;0,004041;34,472356;34,386955
USD_TRY;2022-06-07T11:00;-999,235130;16,748300;16,714800;16,765050;0,026520;0,030724;16,724850;16,587119
EUR_TRY;2022-06-07T11:00;-999,235130;17,876300;17,840550;17,894180;0,025079;0,032451;17,852585;17,753698
TRY_JPY;2022-06-07T11:00;-999,235130;7,930000;7,914000;7,938000;-0,009732;-0,012478;7,938543;7,924358
USD_THB;2022-06-07T11:00;-999,235130;34,460000;34,391000;34,495000;0,002490;0,003952;34,472356;34,386855
USD_TRY;2022-06-07T11:00;-999,235130;16,748700;16,715200;16,765450;0,026552;0,030728;16,724850;16,587123
EUR_TRY;2022-06-07T11:00;-999,235130;17,874700;17,838950;17,892570;0,024951;0,032437;17,852585;17,753682
TRY_JPY;2022-06-07T11:00;-999,235130;7,930000;7,914000;7,938000;-0,009732;-0,012478;7,938543;7,924358
USD_THB;2022-06-07T11:00;-999,235130;34,460000;34,391000;34,495000;0,002490;0,003952;34,472356;34,386855
USD_TRY;2022-06-07T11:00;-999,235130;16,748700;16,715200;16,765450;0,026552;0,030728;16,724850;16,587123
EUR_TRY;2022-06-07T11:00;-999,235130;17,875000;17,839250;17,892870;0,024975;0,032440;17,852585;17,753685
TRY_JPY;2022-06-07T11:00;-999,235130;7,930000;7,914000;7,938000;-0,009732;-0,012478;7,938543;7,924358
USD_THB;2022-06-07T11:00;-999,235130;34,460000;34,391000;34,495000;0,002490;0,003952;34,472356;34,386855
USD_TRY;2022-06-07T11:00;-999,235130;16,750100;16,716600;16,766850;0,026663;0,030740;16,724850;16,587137
EUR_TRY;2022-06-07T11:00;-999,235130;17,876600;17,840850;17,894480;0,025102;0,032454;17,852585;17,753701
TRY_JPY;2022-06-07T11:00;-999,235130;7,930000;7,914000;7,938000;-0,009732;-0,012478;7,938543;7,924358
USD_THB;2022-06-07T11:00;-999,235130;34,460000;34,391000;34,495000;0,002490;0,003952;34,472356;34,386855
USD_TRY;2022-06-07T11:00;-999,235130;16,750100;16,716600;16,766850;0,026663;0,030740;16,724850;16,587137
EUR_TRY;2022-06-07T11:00;-999,235130;17,876100;17,840350;17,893980;0,025063;0,032450;17,852585;17,753696
TRY_JPY;2022-06-07T11:00;-999,235130;7,930000;7,914000;7,938000;-0,009732;-0,012478;7,938543;7,924358
USD_THB;2022-06-07T11:00;-999,235130;34,460000;34,391000;34,495000;0,002490;0,003952;34,472356;34,386855
USD_TRY;2022-06-07T11:00;-999,235130;16,750100;16,716600;16,766850;0,026663;0,030740;16,724850;16,587137
EUR_TRY;2022-06-07T11:00;-999,235130;17,874600;17,838850;17,892470;0,024943;0,032436;17,852585;17,753681
TRY_JPY;2022-06-07T11:00;-999,235130;7,930000;7,914000;7,938000;-0,009732;-0,012478;7,938543;7,924358
USD_THB;2022-06-07T11:00;-999,235130;34,460000;34,391000;34,495000;0,002490;0,003952;34,472356;34,386855
USD_TRY;2022-06-07T11:00;-999,235130;16,750100;16,716600;16,766850;0,026663;0,030740;16,724850;16,587137
EUR_TRY;2022-06-07T11:00;-999,235130;17,875100;17,839350;17,892980;0,024983;0,032441;17,852585;17,753686
TRY_JPY;2022-06-07T11:00;-999,235130;7,930000;7,914000;7,938000;-0,009732;-0,012478;7,938543;7,924358
USD_THB;2022-06-07T11:00;-999,235130;34,460000;34,391000;34,495000;0,002490;0,003952;34,472356;34,386855
USD_TRY;2022-06-07T11:00;-999,235130;16,750100;16,716600;16,766850;0,026663;0,030740;16,724850;16,587137
EUR_TRY;2022-06-07T11:00;-999,235130;17,877500;17,841750;17,895380;0,025174;0,032462;17,852585;17,753710
TRY_JPY;2022-06-07T11:00;-999,235130;7,930000;7,914000;7,938000;-0,009732;-0,012478;7,938543;7,924358
USD_THB;2022-06-07T11:00;-999,235130;34,460000;34,391000;34,495000;0,002490;0,003952;34,472356;34,386855
USD_TRY;2022-06-07T11:00;-999,235130;16,750100;16,716600;16,766850;0,026663;0,030740;16,724850;16,587137
EUR_TRY;2022-06-07T11:00;-999,235130;17,876100;17,840350;17,893980;0,025063;0,032450;17,852585;17,753696
TRY_JPY;2022-06-07T11:00;-999,235130;7,930000;7,914000;7,938000;-0,009732;-0,012478;7,938543;7,924358
USD_THB;2022-06-07T11:00;-999,232438;34,460000;34,391000;34,495000;0,002490;0,003952;34,472356;34,386855
USD_TRY;2022-06-07T11:00;-999,232438;16,749800;16,716300;16,766550;0,026640;0,030737;16,724850;16,587134
EUR_TRY;2022-06-07T11:00;-999,232438;17,873500;17,837750;17,891370;0,024855;0,032426;17,852585;17,753670
TRY_JPY;2022-06-07T11:00;-999,232438;7,920000;7,904000;7,928000;-0,010530;-0,012566;7,938543;7,924258
USD_THB;2022-06-07T11:00;-999,232438;34,460000;34,391000;34,495000;0,002490;0,003952;34,472356;34,386855
USD_TRY;2022-06-07T11:00;-999,232438;16,753500;16,719990;16,770250;0,026935;0,030770;16,724850;16,587171
EUR_TRY;2022-06-07T11:00;-999,232438;17,877100;17,841350;17,894980;0,025142;0,032458;17,852585;17,753706
TRY_JPY;2022-06-07T11:00;-999,232438;7,920000;7,904000;7,928000;-0,010530;-0,012566;7,938543;7,924258
USD_THB;2022-06-07T11:00;-999,223402;34,460000;34,391000;34,495000;0,002490;0,003952;34,472356;34,386855
USD_TRY;2022-06-07T11:00;-999,223402;16,754300;16,720790;16,771050;0,026998;0,030777;16,724850;16,587179
EUR_TRY;2022-06-07T11:00;-999,223402;17,877800;17,842040;17,895680;0,025198;0,032465;17,852585;17,753713
TRY_JPY;2022-06-07T11:00;-999,223402;7,920000;7,904000;7,928000;-0,010530;-0,012566;7,938543;7,924258
USD_THB;2022-06-07T11:00;-999,226848;34,470000;34,401000;34,505000;0,003287;0,004041;34,472356;34,386955
USD_TRY;2022-06-07T11:00;-999,226848;16,754200;16,720690;16,770950;0,026991;0,030776;16,724850;16,587178
EUR_TRY;2022-06-07T11:00;-999,226133;17,870400;17,834660;17,888270;0,024608;0,032399;17,852585;17,753639
TRY_JPY;2022-06-07T11:00;-999,226133;7,920000;7,904000;7,928000;-0,010530;-0,012566;7,938543;7,924258
USD_THB;2022-06-07T11:00;-999,226133;34,470000;34,401000;34,505000;0,003287;0,004041;34,472356;34,386955
USD_TRY;2022-06-07T11:00;-999,226133;16,753800;16,720290;16,770550;0,026959;0,030773;16,724850;16,587174
EUR_TRY;2022-06-07T11:00;-999,226133;17,872400;17,836660;17,890270;0,024767;0,032417;17,852585;17,753659
TRY_JPY;2022-06-07T11:00;-999,226133;7,920000;7,904000;7,928000;-0,010530;-0,012566;7,938543;7,924258
USD_THB;2022-06-07T11:00;-999,226133;34,470000;34,401000;34,505000;0,003287;0,004041;34,472356;34,386955
USD_TRY;2022-06-07T11:00;-999,226133;16,753800;16,720290;16,770550;0,026959;0,030773;16,724850;16,587174
EUR_TRY;2022-06-07T11:00;-999,226133;17,873000;17,837250;17,890870;0,024815;0,032422;17,852585;17,753665
TRY_JPY;2022-06-07T11:00;-999,226133;7,920000;7,904000;7,928000;-0,010530;-0,012566;7,938543;7,924258
USD_THB;2022-06-07T11:00;-999,226133;34,470000;34,401000;34,505000;0,003287;0,004041;34,472356;34,386955
USD_TRY;2022-06-07T11:00;-999,226133;16,753800;16,720290;16,770550;0,026959;0,030773;16,724850;16,587174
EUR_TRY;2022-06-07T11:00;-999,226133;17,872800;17,837050;17,890670;0,024799;0,032420;17,852585;17,753663
TRY_JPY;2022-06-07T11:00;-999,226133;7,920000;7,904000;7,928000;-0,010530;-0,012566;7,938543;7,924258
USD_THB;2022-06-07T11:00;-999,281241;34,470000;34,401000;34,505000;0,003287;0,004041;34,472356;34,386955
USD_TRY;2022-06-07T11:00;-999,281241;16,752600;16,719090;16,769350;0,026863;0,030762;16,724850;16,587162
EUR_TRY;2022-06-07T11:00;-999,281241;17,870200;17,834460;17,888070;0,024592;0,032397;17,852585;17,753637
TRY_JPY;2022-06-07T11:00;-999,281241;7,920000;7,904000;7,928000;-0,010530;-0,012566;7,938543;7,924258
USD_THB;2022-06-07T11:00;-999,281241;34,470000;34,401000;34,505000;0,003287;0,004041;34,472356;34,386955
USD_TRY;2022-06-07T11:00;-999,281241;16,752600;16,719090;16,769350;0,026863;0,030762;16,724850;16,587162
EUR_TRY;2022-06-07T11:00;-999,281241;17,873300;17,837550;17,891170;0,024839;0,032425;17,852585;17,753668
TRY_JPY;2022-06-07T11:00;-999,281241;7,920000;7,904000;7,928000;-0,010530;-0,012566;7,938543;7,924258
USD_THB;2022-06-07T11:00;-999,299132;34,470000;34,401000;34,505000;0,003287;0,004041;34,472356;34,386955
USD_TRY;2022-06-07T11:15;-999,299132;16,752100;16,718600;16,768850;0,025827;0,029992;16,728651;16,588798
EUR_TRY;2022-06-07T11:15;-999,299132;17,869800;17,834060;17,887670;0,022277;0,030826;17,854905;17,754801
TRY_JPY;2022-06-07T11:00;-999,299132;7,920000;7,904000;7,928000;-0,010530;-0,012566;7,938543;7,924258
USD_THB;2022-06-07T11:00;-999,299132;34,470000;34,401000;34,505000;0,003287;0,004041;34,472356;34,386955
USD_TRY;2022-06-07T11:15;-999,299132;16,751900;16,718400;16,768650;0,025812;0,029990;16,728651;16,588796
EUR_TRY;2022-06-07T11:15;-999,299132;17,867300;17,831570;17,885170;0,022077;0,030804;17,854905;17,754776
TRY_JPY;2022-06-07T11:00;-999,299132;7,920000;7,904000;7,928000;-0,010530;-0,012566;7,938543;7,924258
USD_THB;2022-06-07T11:00;-999,299132;34,470000;34,401000;34,505000;0,003287;0,004041;34,472356;34,386955
USD_TRY;2022-06-07T11:15;-999,299132;16,752600;16,719090;16,769350;0,025867;0,029996;16,728651;16,588803
EUR_TRY;2022-06-07T11:15;-999,299132;17,868700;17,832960;17,886570;0,022189;0,030816;17,854905;17,754790
TRY_JPY;2022-06-07T11:00;-999,299132;7,920000;7,904000;7,928000;-0,010530;-0,012566;7,938543;7,924258
USD_THB;2022-06-07T11:00;-999,299132;34,470000;34,401000;34,505000;0,003287;0,004041;34,472356;34,386955
USD_TRY;2022-06-07T11:15;-999,299132;16,752300;16,718800;16,769050;0,025843;0,029994;16,728651;16,588800
EUR_TRY;2022-06-07T11:15;-999,299132;17,871600;17,835860;17,889470;0,022420;0,030842;17,854905;17,754819
TRY_JPY;2022-06-07T11:00;-999,299132;7,920000;7,904000;7,928000;-0,010530;-0,012566;7,938543;7,924258
USD_THB;2022-06-07T11:15;-999,299132;34,460000;34,391000;34,495000;0,002521;0,003625;34,473000;34,387681
USD_TRY;2022-06-07T11:15;-999,299132;16,752500;16,719000;16,769250;0,025859;0,029996;16,728651;16,588802
EUR_TRY;2022-06-07T11:15;-999,299132;17,870200;17,834460;17,888070;0,022309;0,030829;17,854905;17,754805
TRY_JPY;2022-06-07T11:00;-999,299132;7,920000;7,904000;7,928000;-0,010530;-0,012566;7,938543;7,924258
USD_THB;2022-06-07T11:15;-999,299132;34,460000;34,391000;34,495000;0,002521;0,003625;34,473000;34,387681
USD_TRY;2022-06-07T11:15;-999,299132;16,753800;16,720290;16,770550;0,025963;0,030007;16,728651;16,588815
EUR_TRY;2022-06-07T11:15;-999,299132;17,874600;17,838850;17,892470;0,022660;0,030868;17,854905;17,754848
TRY_JPY;2022-06-07T11:15;-999,299132;7,920000;7,904000;7,928000;-0,010232;-0,012281;7,937642;7,924216
USD_THB;2022-06-07T11:15;-999,299132;34,460000;34,391000;34,495000;0,002521;0,003625;34,473000;34,387681
USD_TRY;2022-06-07T11:15;-999,299132;16,754300;16,720790;16,771050;0,026003;0,030011;16,728651;16,588820
EUR_TRY;2022-06-07T11:15;-999,299132;17,874500;17,838750;17,892370;0,022652;0,030867;17,854905;17,754847
TRY_JPY;2022-06-07T11:15;-999,299132;7,920000;7,904000;7,928000;-0,010232;-0,012281;7,937642;7,924216
USD_THB;2022-06-07T11:15;-999,299132;34,460000;34,391000;34,495000;0,002521;0,003625;34,473000;34,387681
USD_TRY;2022-06-07T11:15;-999,299132;16,754300;16,720790;16,771050;0,026003;0,030011;16,728651;16,588820
EUR_TRY;2022-06-07T11:15;-999,317940;17,876800;17,841050;17,894680;0,022835;0,030888;17,854905;17,754870
TRY_JPY;2022-06-07T11:15;-999,317940;7,920000;7,904000;7,928000;-0,010232;-0,012281;7,937642;7,924216
USD_THB;2022-06-07T11:15;-999,317940;34,460000;34,391000;34,495000;0,002521;0,003625;34,473000;34,387681
USD_TRY;2022-06-07T11:15;-999,317940;16,754100;16,720590;16,770850;0,025987;0,030010;16,728651;16,588818
EUR_TRY;2022-06-07T11:15;-999,317940;17,877100;17,841350;17,894980;0,022859;0,030890;17,854905;17,754873
TRY_JPY;2022-06-07T11:15;-999,317940;7,920000;7,904000;7,928000;-0,010232;-0,012281;7,937642;7,924216
USD_THB;2022-06-07T11:15;-999,317940;34,450000;34,381000;34,485000;0,001724;0,003537;34,473000;34,387582
USD_TRY;2022-06-07T11:15;-999,317940;16,753100;16,719590;16,769850;0,025907;0,030001;16,728651;16,588808
EUR_TRY;2022-06-07T11:15;-999,317940;17,872400;17,836660;17,890270;0,022484;0,030849;17,854905;17,754827
TRY_JPY;2022-06-07T11:15;-999,317940;7,920000;7,904000;7,928000;-0,010232;-0,012281;7,937642;7,924216
USD_THB;2022-06-07T11:15;-999,317940;34,450000;34,381000;34,485000;0,001724;0,003537;34,473000;34,387582
USD_TRY;2022-06-07T11:15;-999,317940;16,753200;16,719690;16,769950;0,025915;0,030002;16,728651;16,588809
EUR_TRY;2022-06-07T11:15;-999,317940;17,876700;17,840950;17,894580;0,022827;0,030887;17,854905;17,754869
TRY_JPY;2022-06-07T11:15;-999,317940;7,920000;7,904000;7,928000;-0,010232;-0,012281;7,937642;7,924216
USD_THB;2022-06-07T11:15;-999,316682;34,440000;34,371000;34,475000;0,000926;0,003448;34,473000;34,387482
USD_TRY;2022-06-07T11:15;-999,316682;16,753700;16,720190;16,770450;0,025955;0,030006;16,728651;16,588814
EUR_TRY;2022-06-07T11:15;-999,316682;17,881100;17,845340;17,898980;0,023178;0,030926;17,854905;17,754913
TRY_JPY;2022-06-07T11:15;-999,316682;7,920000;7,904000;7,928000;-0,010232;-0,012281;7,937642;7,924216
USD_THB;2022-06-07T11:15;-999,316682;34,440000;34,371000;34,475000;0,000926;0,003448;34,473000;34,387482
USD_TRY;2022-06-07T11:15;-999,316682;16,753700;16,720190;16,770450;0,025955;0,030006;16,728651;16,588814
EUR_TRY;2022-06-07T11:15;-999,316682;17,882400;17,846640;17,900280;0,023282;0,030937;17,854905;17,754926
TRY_JPY;2022-06-07T11:15;-999,316682;7,920000;7,904000;7,928000;-0,010232;-0,012281;7,937642;7,924216
USD_THB;2022-06-07T11:15;-999,316682;34,440000;34,371000;34,475000;0,000926;0,003448;34,473000;34,387482
USD_TRY;2022-06-07T11:15;-999,316682;16,754900;16,721390;16,771650;0,026051;0,030017;16,728651;16,588826
EUR_TRY;2022-06-07T11:15;-999,316682;17,882100;17,846340;17,899980;0,023258;0,030935;17,854905;17,754923
TRY_JPY;2022-06-07T11:15;-999,316682;7,920000;7,904000;7,928000;-0,010232;-0,012281;7,937642;7,924216
USD_THB;2022-06-07T11:15;-999,316682;34,440000;34,371000;34,475000;0,000926;0,003448;34,473000;34,387482
USD_TRY;2022-06-07T11:15;-999,316682;16,757700;16,724180;16,774460;0,026274;0,030042;16,728651;16,588854
EUR_TRY;2022-06-07T11:15;-999,316682;17,884900;17,849130;17,902780;0,023481;0,030960;17,854905;17,754951
TRY_JPY;2022-06-07T11:15;-999,316682;7,920000;7,904000;7,928000;-0,010232;-0,012281;7,937642;7,924216
USD_THB;2022-06-07T11:15;-999,316682;34,440000;34,371000;34,475000;0,000926;0,003448;34,473000;34,387482
USD_TRY;2022-06-07T11:15;-999,316682;16,760400;16,726880;16,777160;0,026490;0,030066;16,728651;16,588880
EUR_TRY;2022-06-07T11:15;-999,316682;17,887800;17,852020;17,905690;0,023713;0,030985;17,854905;17,754980
TRY_JPY;2022-06-07T11:15;-999,316682;7,920000;7,904000;7,928000;-0,010232;-0,012281;7,937642;7,924216
USD_THB;2022-06-07T11:15;-999,316682;34,450000;34,381000;34,485000;0,001724;0,003537;34,473000;34,387582
USD_TRY;2022-06-07T11:15;-999,316682;16,758900;16,725380;16,775660;0,026370;0,030052;16,728651;16,588866
EUR_TRY;2022-06-07T11:15;-999,316682;17,886300;17,850530;17,904190;0,023593;0,030972;17,854905;17,754965
TRY_JPY;2022-06-07T11:15;-999,316682;7,920000;7,904000;7,928000;-0,010232;-0,012281;7,937642;7,924216
USD_THB;2022-06-07T11:15;-999,316682;34,450000;34,381000;34,485000;0,001724;0,003537;34,473000;34,387582
USD_TRY;2022-06-07T11:15;-999,316682;16,758600;16,725080;16,775360;0,026346;0,030050;16,728651;16,588863
EUR_TRY;2022-06-07T11:15;-999,316682;17,886200;17,850430;17,904090;0,023585;0,030971;17,854905;17,754964
TRY_JPY;2022-06-07T11:15;-999,316682;7,920000;7,904000;7,928000;-0,010232;-0,012281;7,937642;7,924216
USD_THB;2022-06-07T11:15;-999,316682;34,460000;34,391000;34,495000;0,002521;0,003625;34,473000;34,387681
USD_TRY;2022-06-07T11:15;-999,316682;16,757900;16,724380;16,774660;0,026290;0,030043;16,728651;16,588856
EUR_TRY;2022-06-07T11:15;-999,316682;17,884200;17,848430;17,902080;0,023425;0,030953;17,854905;17,754944
TRY_JPY;2022-06-07T11:15;-999,316682;7,920000;7,904000;7,928000;-0,010232;-0,012281;7,937642;7,924216
USD_THB;2022-06-07T11:15;-999,316682;34,450000;34,381000;34,485000;0,001724;0,003537;34,473000;34,387582
USD_TRY;2022-06-07T11:15;-999,316682;16,758700;16,725180;16,775460;0,026354;0,030050;16,728651;16,588864
EUR_TRY;2022-06-07T11:15;-999,316682;17,884400;17,848630;17,902280;0,023441;0,030955;17,854905;17,754946
TRY_JPY;2022-06-07T11:15;-999,316682;7,920000;7,904000;7,928000;-0,010232;-0,012281;7,937642;7,924216
USD_THB;2022-06-07T11:15;-999,316682;34,460000;34,391000;34,495000;0,002521;0,003625;34,473000;34,387681
USD_TRY;2022-06-07T11:15;-999,316682;16,758200;16,724680;16,774960;0,026314;0,030046;16,728651;16,588859
EUR_TRY;2022-06-07T11:15;-999,316682;17,884400;17,848630;17,902280;0,023441;0,030955;17,854905;17,754946
TRY_JPY;2022-06-07T11:15;-999,316682;7,920000;7,904000;7,928000;-0,010232;-0,012281;7,937642;7,924216
USD_THB;2022-06-07T11:15;-999,316682;34,460000;34,391000;34,495000;0,002521;0,003625;34,473000;34,387681
USD_TRY;2022-06-07T11:15;-999,316682;16,758200;16,724680;16,774960;0,026314;0,030046;16,728651;16,588859
EUR_TRY;2022-06-07T11:15;-999,316682;17,880700;17,844940;17,898580;0,023146;0,030922;17,854905;17,754909
TRY_JPY;2022-06-07T11:15;-999,316682;7,920000;7,904000;7,928000;-0,010232;-0,012281;7,937642;7,924216
USD_THB;2022-06-07T11:15;-999,316682;34,460000;34,391000;34,495000;0,002521;0,003625;34,473000;34,387681
USD_TRY;2022-06-07T11:15;-999,316682;16,758300;16,724780;16,775060;0,026322;0,030047;16,728651;16,588860
EUR_TRY;2022-06-07T11:15;-999,316682;17,885600;17,849830;17,903490;0,023537;0,030966;17,854905;17,754958
TRY_JPY;2022-06-07T11:15;-999,316682;7,920000;7,904000;7,928000;-0,010232;-0,012281;7,937642;7,924216
USD_THB;2022-06-07T11:15;-999,316682;34,460000;34,391000;34,495000;0,002521;0,003625;34,473000;34,387681
USD_TRY;2022-06-07T11:30;-999,316682;16,758600;16,725080;16,775360;0,025660;0,029212;16,733744;16,590550
EUR_TRY;2022-06-07T11:30;-999,316682;17,881900;17,846140;17,899780;0,022011;0,029303;17,857132;17,756207
TRY_JPY;2022-06-07T11:15;-999,316682;7,920000;7,904000;7,928000;-0,010232;-0,012281;7,937642;7,924216
USD_THB;2022-06-07T11:30;-999,316682;34,460000;34,391000;34,495000;0,001893;0,003258;34,471960;34,388401
USD_TRY;2022-06-07T11:30;-999,316682;16,758900;16,725380;16,775660;0,025684;0,029215;16,733744;16,590553
EUR_TRY;2022-06-07T11:30;-999,316682;17,884400;17,848630;17,902280;0,022210;0,029326;17,857132;17,756232
TRY_JPY;2022-06-07T11:15;-999,316682;7,920000;7,904000;7,928000;-0,010232;-0,012281;7,937642;7,924216
USD_THB;2022-06-07T11:30;-999,316682;34,460000;34,391000;34,495000;0,001893;0,003258;34,471960;34,388401
USD_TRY;2022-06-07T11:30;-999,316682;16,759400;16,725880;16,776160;0,025724;0,029219;16,733744;16,590557
EUR_TRY;2022-06-07T11:30;-999,316682;17,884000;17,848230;17,901880;0,022178;0,029322;17,857132;17,756228
TRY_JPY;2022-06-07T11:30;-999,316682;7,920000;7,904000;7,928000;-0,009882;-0,011829;7,936776;7,924174
